experiment_type,Damian_annotation,DOB,Transplant_Date,V3,Transplant_site,Age_at transplant,Strain,Tumor_ID,Patient_ID,SA_ID,Passage,Source_type,Treatment_naive/pre,Date_of Dx,Age_at Dx,Metastasis...15,Mets_at Dx,Date_of mets Dx,Mets_site,SQL_Barcode,Cage,Comments_for surgery,Wound_dehiscence,V23,V24,DLP_ID,10X_ID,Intrathoracic_Mass,Histology,Cell_suspension vol (ul),Last_tumor palpation,V31,Next_tumor palpation,V33,Primary_tumor removal,12_wks from PTR,16_wks from PTR,Euthanize,PTR-Mets,Time_to mets detection,PET/CT,Second_surgery,8wks_after PTR,Metastasis...43,metastatic_site,DATE1,TumourVol1,DATE2,TumourVol2,DATE3,TumourVol3,DATE4,TumourVol4,DATE5,TumourVol5,DATE6,TumourVol6,DATE7,TumourVol7,DATE8,TumourVol8,DATE9,TumourVol9,DATE10,TumourVol10,DATE11,TumourVol11,DATE12,TumourVol12,DATE13,TumourVol13,DATE14,TumourVol14,DATE15,TumourVol15,DATE16,TumourVol16,DATE17,TumourVol17,DATE18,TumourVol18,DATE19,TumourVol19,DATE20,TumourVol20,DATE21,TumourVol21,DATE22,TumourVol22,DATE23,TumourVol23,DATE24,TumourVol24,DATE25,TumourVol25,DATE26,TumourVol26,DATE27,TumourVol27,DATE28,TumourVol28,DATE29,TumourVol29,DATE30,TumourVol30,DATE31,TumourVol31,DATE32,TumourVol32,DATE33,TumourVol33,DATE34,TumourVol34,DATE35,TumourVol35,DATE36,TumourVol36,DATE37,TumourVol37,DATE38,TumourVol38,DATE39,TumourVol39
main_experiment,non_met,06/12/2017,3/12/2018,L,MFP,13wks,NRG,X0046-3302,CBX046,SA605,4,Primary tumor,Naive,11-Oct-13,64,Yes,No,24-Nov-14,"Bone,Liver",2462,HL180312,Matrigel leaked during injection,,,"distant organ(brain, lung, liver, inguinal LN_fatpad) harvested, grossly clean without metastasis, enlarged spleen/ FFPE, FFx2,VFx2 for brain, lung, liver",,,,"Negative for metastasis in liver, lung, brain.",300,5/16/18,grainy palpable,5/23/18,5/24/18,7/25/18,10/17/2018,11/14/2018,12/7/18,,,11/7/18,,,,,5/24/18,14.0,5/28/18,16.4,5/31/18,25.5,04/06/2018,25.5,6/7/18,80.0,6/11/18,84.20,6/14/18,116.3,2018-6-18,150.40,2018-6-21,225.8,6/25/2018,267.4,6/28/2018,290.4,7/3/2018,316.1,7/9/2018,432.6,7/12/2018,643.3,7/16/2018,652.5,,704.5,7/23/2018,832.4,7/25/2018,1183.1,,,,,,,,,,,,,,,,,,,,,,,,,,,,,,,,,,,,,,,,,,
main_experiment,met,06/12/2017,3/12/2018,B,MFP,13wks,NRG,X0046-3303,CBX046,SA605,4,Primary tumor,Naive,11-Oct-13,64,Yes,No,24-Nov-14,"Bone,Liver",2463,HL180312,,,,"distant organ(brain, lung, liver), grossly clean without metastasis, huge spleen",,,,"Micrometastasis in lung (poor fixation). No metastatic cells in liver, brain.",300,22/07/2018,non-palpable,5/23/18,,9/16/18,11/11/2018,12/9/2018,1/3/19,,42 weeks,,,,,,,,7/19/18,63.8,7/23/18,74.1,7/26/18,97.8,7/30/18,97.8,8/2/18,97.80,8/7/18,129.9,2018-8-9,138.40,2018-8-13,145.9,8/16/2018,213.0,8/20/2018,224.5,8/23/2018,282.3,8/28/2018,300.2,8/30/2018,353.8,9/4/2018,457.7,2018-9-6,530.0,9/10/2018,540.2,9/13/2018,854.2,9/16/2018,1195.8,,,,,,,,,,,,,,,,,,,,,,,,,,,,,,,,,,,,,,,,
main_experiment,met,06/12/2017,3/12/2018,N,MFP,13wks,NRG,X0046-3304,CBX046,SA605,4,Primary tumor,Naive,11-Oct-13,64,Yes,No,24-Nov-14,"Bone,Liver",2464,HL180312,,,,"distant organ(brain, lung, liver, inguinal LN_fatpad) harvested, grossly clean without metastasis, enlarged spleen/ FFPE for brain, liver, lung",,,,"Micrometastasis in lung. No metastatic cells in liver, brain.",300,22/07/2018,non-palpable,5/23/18,,8/5/18,10/28/2018,11/25/2018,12/7/18,,,,,,,,,,7/19/18,326.9,7/23/18,326.9,7/26/18,426.9,7/30/18,568.1,8/2/18,704.70,8/5/18,767.6,,,,,,,,,,,,,,,,,,,,,,,,,,,,,,,,,,,,,,,,,,,,,,,,,,,,,,,,,,,,,,,,
main_experiment,met,25/12/2017,3/20/2018,R,MFP,12wks,NRG,X0847-2112251,VBA0847,SA919,7,Primary tumor,Naïve (pretreated for other breast cancer 15+ years ago),,,Yes,No,Jul-15,"Bone,Peritoneum",2487,HL180320,Matrigel leaked during injection,,"Visible mass on neck (c-spine) area on Sep24/18/PTR on Jun23/18, hard mass not attached to skin, easy to remove. minimal bleeding","distant organ(brain, lung, liver) harvested, grossly clean without metastasis, cervical mass without attachment to spine. Another mass at paraspinal left lumbar area, firmly attached to spine. FFPE:brain, lung, liver, cervical mass(10x8x8, 4x4x2), paraspinal mass(10x8x8), FFx1, VFx1 for all, VFx1 for DLP of cervical, paraspinal mass
lab collector ID: cervical mets=5691, lumbar mets=5692
Primary tumor VF submitted for DLP(Jan7/19), lab collector ID = 5402
Initial material = VF 4620 ( ), 4621, 4622, TP 4618, 4619","Primary tumor = SA919X7XB05402
Cervical mass = SA919X7XB05691
Lumbar mass = SA919X7XB05692","Primary tumor = SA919X7XB05402 (Lab ID=5403)
Cervical mass = SA919X7XB05691 (Lab ID=5633)
Lumbar mass = SA919X7XB05692 (Lab ID=5634)",,"Tumour cells in cervical (NeckM) and lumbar (SpinM) mass. No metastatic cells in liver, lung, brain.",100,5/16/18,non-palpable,5/23/18,6/25/18,7/23/18,10/15/2018,11/12/2018,10/4/18,9 weeks,27wks,9/26/18,,,,,6/25/18,96.0,6/28/18,206.4,7/3/18,236.3,7/5/18,244.9,7/9/18,346.1,7/12/18,490.90,7/16/18,610.0,2018-7-19,658.00,2018-7-23,918.6,,,,,,,,,,,,,,,,,,,,,,,,,,,,,,,,,,,,,,,,,,,,,,,,,,,,,,,,,,,,
main_experiment,met,25/12/2017,3/20/2018,L,MFP,12wks,NRG,X0847-2112252,VBA0847,SA919,7,Primary tumor,Naive,,,Yes,No,Jul-15,"Bone,Peritoneum",2488,HL180320,"Matrigel leaked during injection
Wound dehiscence, resutured.","Wound dehiscence, resutured","Head tilt to right, visible mass on neck (c-spine) area, hunched and thin on Sep24/18,  PTR on Jun26/18, hard mass not attached to skin, easy to remove. minor bleeding","distant organ(brain, lung, liver) harvested, grossly clean without metastasis, cervical mass without attachment to spine.
FFPE:brain,lung,liver,cervical mass, Brain:FFx1,VFx1, Lung:FFx1,VFx1, cervical mass:12x10x10, TPx2,FFx1,VFx2
Primary, cervical mets for DLP on Apr11/19","Primary tumor = SA919X7XB05378 (Box3, A5)
Cervical mass = SA919X7XB05604 (Box5, H8)","Primary tumor = SA919X7XB05378
Cervical mass = SA919X7XB05604",,"Tumour cells in cervical (NeckM) mass. No metastatic cells in liver, lung, brain.",100,5/16/18,non-palpable,,5/21/18,6/26/18,9/18/2018,10/16/2018,9/28/18,13 weeks,27wks,9/26/18,,8/21/2018,,,5/21/18,27.1,5/24/18,83.4,5/28/18,93.0,31/05/2018,215.7,04/06/2018,215.7,6/7/18,227.80,6/11/18,227.8,2018-6-14,284.70,2018-6-18,401.5,6/21/2018,548.0,6/25/2018,616.5,,,,,,,,,,,,,,,,,,,,,,,,,,,,,,,,,,,,,,,,,,,,,,,,,,,,,,,,
main_experiment,met,25/12/2017,3/20/2018,B,MFP,12wks,NRG,X0847-2112253,VBA0847,SA919,7,Primary tumor,Naive,,,Yes,No,Jul-15,"Bone,Peritoneum",2489,HL180320,"Wound dehiscence, resutured.","Wound dehiscence, resutured","Hunched, dragging both hind legs on Sep24/18. PTR on Jun17/18, hard mass not attached to skin, easy to remove. minimal bleeding during surgery.","distant organ(brain, lung, liver) harvested, grossly clean without metastasis, Metastatic mass on right side of lumbar spine, outside of peritoneum, passaged. FFPE:brain,lung,liver,back mass, Brain:FFx1,VFx1, Lung:FFx1, VFx1, Liver:FFx1, Backmass:FFx1,VFx1, serial transplant
Primary submitted for DLP Aug 15/19","Primary tumor = SA919X7XB05298 (Box2, E2)
Lumbar mass = SA919X7XB05588 (Box5, G1) - use FF for DLP",,,"Tumour cells in lumbar spinal mass(Bone). No metastatic cells in liver, lung, brain.",100,5/16/18,grainy palpable,,5/21/18,6/17/18,9/9/2018,10/7/2018,9/24/18,15 weeks,27wks,,,8/12/2018,,,5/21/18,62.4,5/24/18,125.9,5/28/18,132.1,31/05/2018,256.3,04/06/2018,354.2,6/7/18,422.80,6/11/18,492.8,2018-6-14,782.70,2018-6-17,1037.1,,,,,,,,,,,,,,,,,,,,,,,,,,,,,,,,,,,,,,,,,,,,,,,,,,,,,,,,,,,,
main_experiment,met,25/12/2017,3/20/2018,N,MFP,12wks,NRG,X0847-2112254,VBA0847,SA919,7,Primary tumor,Naive,,,Yes,No,Jul-15,"Bone,Peritoneum",2490,HL180320,,,"Hunched and thin on Sep24/18, PTR on Jun12/18, hard mass not attached to skin, easy to remove. minor bleeding during surgery.","distant organ(brain, lung, liver) harvested, grossly clean without metastasis, Metastatic mass on lumbar spine, outside of peritoneum, similar to HL180320B. Subcutaneous mass (1mm) on back, no involvement of spine. FFPE:brain,lung,liver,back(SQ) mass, lumbar mass, Brain:FFx1,VFx1, Lung:FFx1, VFx1, Liver:FFx1, VFx1, lumbar mass: 6x6x4, FFx1, VFx1
Primary submitted for DLP Aug 15/19","Primary tumor = SA919X7XB05289 (Box2, D2)
Lumbar mass = SA919X7XB05608 (Box5, I3) - use FF for DLP",,,"Tumour cells in lumbar spinal mass(SpineM). Neck mass does not seem to be tumour mass. No metastatic cells in liver, lung, brain.",100,5/16/18,non-palpable,,5/21/18,6/12/18,9/4/2018,10/2/2018,9/30/18,15 weeks,27wks,"22/08/2018, 26/09/2018",,8/7/2018,,,5/21/18,124.2,5/24/18,158.9,5/28/18,232.8,31/05/2018,302.1,04/06/2018,517.6,6/7/18,603.80,6/11/18,788.8,,,,,,,,,,,,,,,,,,,,,,,,,,,,,,,,,,,,,,,,,,,,,,,,,,,,,,,,,,,,,,,,
main_experiment,met,05/01/2018,3/26/2018,R,MFP,12wks,NRG,X0011-2361,CBX011,SA535,4,Primary tumor,Naive,,,No,No,,,2495,HL180326,"regular suture without gluture, wound dehiscence, resutured.","Wound dehiscence, resutured","PTR on Jul 17/18, Hard mass, 16x12x6, easily removed, minimal bleeding","distant organ(brain, lung, liver) harvested, grossly clean without metastasis. Huge metastatic mass on left axillary area, possibly LN (ALN). Hard recurred mass on left MFP area, firmly attached to surroundings, possible invasion to muscle and spine.
FFPEx1:Brain, Liver, Lung, ALN, Tumor recur (No FFPE for primary)
Tumor recur:FFx2, TPx2, VFx4, REMx1
ALN:FFx1, TPx2, VFx5, REMx1
Lung:FFx2, VFx2, Liver:FFx2, VFx2, Brain:FFx1, VFx1
Primary tumor VFx1 submitted for DLP (Jan7/19) lab collector ID=5391 (SA535X0011XB5391), AxiM VF submitted for DLP (Feb14/19).
Initial material = VF 7799 (VP1, 3-303, Rack29-11), TP 7798
Tumor recur for DLP on Apr9/19","Primary tumor = SA535X4XB05391
Tumor recur = SA535X4XB05730 (Box7, E2/ 5730, E3, Rack26)
: There was not enough cells in VF, VF seem to lack FBS. TPx2 and FF (for nuclei) submitted for DLP again on May17/19
Axillary mets = SA535X4XB05723",Primary tumor = SA535X4XB05391 (Lab ID=5392),,"Tumour cells in ALN, recurred tumour. Micrometastasis in lung, weird looking cells in spleen. No metastatic cells in liver, brain.",500,5/16/18,grainy palpable,5/23/18,24/05/2018,7/17/18,10/9/2018,11/7/2018,11/14/18,16 weeks,32 weeks,11/7/18,,,,,5/24/18,18.7,5/28/18,18.7,5/31/18,18.7,04/06/2018,18.7,6/7/18,25.5,6/11/18,48.10,6/14/18,83.9,2018-6-18,100.80,2018-6-21,195.6,6/25/2018,223.7,6/28/2018,356.9,7/3/2018,371.9,7/5/2018,413.3,7/9/2018,596.3,7/12/2018,608.4,2018-7-16,707.0,,,,,,,,,,,,,,,,,,,,,,,,,,,,,,,,,,,,,,,,,,,,,,
main_experiment,met,05/01/2018,3/26/2018,L,MFP,12wks,NRG,X0011-2362,CBX011,SA535,4,Primary tumor,Naive,,,No,No,,,2496,HL180326,"regular suture without gluture, minor wound dehiscence",minor wound dehiscence,"PTR on Oct 10/18, Hard mass, 12x10x10, easily removed, minor bleeding","distant organ(brain, lung, liver) harvested, grossly clean without metastasis.
Huge mass in left inguinal area (14x12x10). Metastatic mass in both axillary area (10x8x6).
Inguinal mass: FFPEx1, FFx2, VFx4
left and right axillary mass: FFPEx1, FFx1, VFx2
Lung: FFPEx1, other lobe processed to make single cell suspension
lung + tumor cells = 2.6 x 10^6
vs tumor cells (mouse depletion, cold protease) = 2.7 x 10^5 -> kept as VF(9117) submitted for DLP (Mar5/19)
Rt.axillart mets submitted for DLP (Apr9/19), Prim, Lt.axillary submitted for DLP (Jun13/19)","Primary tumor = SA535X4XB05649 (Box6, D8) : low cells, additional vial needed -> FF
Lung mets after depletion = SA535X4XB09117 (only 4 cells) (low tumor burden?)
Rt Axillary mets = SA535X4XB09106 (Box15, C7)
Lt Axillary mets = SA535X4XB09109 (Box15, D1) : low cells, additional vial needed -> FF
Inguinal mets = SA535X4XB09113 (Box15, D5)",,,Tumour cells in lung,500,5/16/18,non-palpable,5/23/18,6/14/18,10/10/18,1/2/2019,1/30/2019,2/13/19,18 weeks,46 weeks,12/11/18,,,,,6/14/18,33.3,6/18/18,41.6,6/21/18,56.9,6/25/18,81.9,6/28/18,95.5,7/3/18,110.20,7/5/18,121.7,2018-7-9,121.70,2018-7-12,185.1,7/16/2018,221.7,7/19/2018,221.7,7/23/2018,221.7,7/26/2018,242.8,7/30/2018,242.8,8/2/2018,242.8,2018-8-7,500.8,8/9/2018,500.8,8/13/2018,254.3,8/16/2018,283.7,8/20/2018,305.2,8/23/2018,324.5,8/28/2018,376.1,8/30/2018,376.1,9/4/2018,390.7,9/6/2018,390.7,9/10/2018,398.2,9/13/2018,456.4,9/17/2018,594.1,9/20/2018,485.7,9/24/2018,485.7,9/27/2018,567.9,10/1/2018,667.5,10/4/2018,667.5,10/9/2018,667.5,,,,,,,,,,
main_experiment,met,05/01/2018,3/26/2018,B,MFP,12wks,NRG,X0011-2363,CBX011,SA535,4,Primary tumor,Naive,,,No,No,,,2497,HL180326,"regular suture without gluture, Matrigel slightly leaked during injection",,"PTR on Aug 7/18, Hard mass","distant organ(brain, lung, liver) harvested, grossly clean without metastasis, Enlarged spleen with focal mass, Metastatic mass on left axillary area, possibly LN (ALN). Hard recurred mass on left MFP area, firmly attached to surroundings, possible invasion to muscle and spine, Subcutaneous mass (1mm) near recurrent mass (MLN). FFPE:brain,lung,liver,tumor recur, ALN, MLN
Brain, lung, liver:FFx1,VFx1, TuRec: 12x12x10, FFPEx1, FFx1, FF_ARCx1, TPx2, VFx4, REMx1, ALN:12x6x1, FFx1, VFx1
Tumor recur, Axillary mets submitted for DLP on Jun27/19, FF-TR submitted for DLP nuclei on Jul3/19","Primary tumor = SA535X4XB05462 (Box4, A8)
Tumor recur = SA535X4XB05662 (Box6, F3) - very low viability, -> FF (nuclei)
Axillary mets = SA535X4XB05667 (Box6, F8)
Lung mets = SA535X4XB05669 (Box6, G1)",,,"Tumour cells in ALN, MLN. Micrometastatic cells in lung. Osteocytic lesion in spleen. No metastatic cells in liver, brain.",500,5/16/18,grainy palpable,5/23/18,5/21/15,8/7/18,10/30/2018,11/27/2018,10/14/18,7 weeks,26 weeks,9/26/18,,,,,5/21/18,14.0,5/24/18,69.9,5/28/18,73.7,31/05/2018,121.3,04/06/2018,121.3,6/7/18,121.30,6/11/18,142.7,2018-6-14,149.10,2018-6-18,164.0,6/21/2018,164.0,6/25/2018,209.7,6/28/2018,226.4,7/3/2018,226.4,7/5/2018,302.8,7/9/2018,302.8,2018-7-12,390.6,7/16/2018,481.2,7/19/2018,481.2,7/23/2018,481.2,7/26/2018,565.7,7/30/2018,570.8,8/2/2018,651,8/7/2018,663.7,9/20/2018,342.3,9/24/2018,346.1,10/1/2018,517.6,10/4/2018,539.4,10/9/2018,539.4,10/11/2018,724.5,,,,,,,,,,,,,,,,,,,,
main_experiment,met,05/01/2018,3/26/2018,N,MFP,12wks,NRG,X0011-2364,CBX011,SA535,4,Primary tumor,Naive,,,No,No,,,2498,HL180326,"regular suture without gluture, minor wound dehiscence",minor wound dehiscence,"PTR on Jul 30/18, Hard mass, 14x12x10, easily removed, minimal bleeding","Distant organ(brain, lung, liver) harvested, grossly clean without metastasis, enlarged spleen. Metastatic mass on left axillary area (12x10x8), possibly LN (ALN) and left inguinal area (10x8x8), similar characteristics.
FFPE:brain,lung,liver,axillary mass, inguinal mass
AxiM:FFx1,TPx2,VFx4
IngM, brain, lung, liver: FFx2, VFx2
Axillary, Inguinal submitted for DLP on Jul 2/19","Primary tumor =  SA535X4XB05420 (Box3, F2) -> 3VF for Farhia, Farhia submitted as XB02498, low cell number -> FF
Axillary mets = SA535X4XB05985 (Box10, D1)
Inguinal mets = SA535X4XB05989 (Box10, D5)
Lung mets = SA535X4XB05993 (Box10, D9)",,,"Tumor cells in Axillary, Inguinal mass. Micrometastasis (less extensive) in lung. No metastatic cells in liver, brain.",500,5/16/18,non-palpable,5/23/18,6/25/18,7/30/18,10/22/2018,11/19/2018,12/7/18,18 weeks,36 weeks,,,,,,6/25/18,272.9,6/28/18,276.2,7/3/18,276.2,7/5/18,302.8,7/9/18,316.2,7/12/18,346.10,7/16/18,392.7,2018-7-19,412.60,2018-7-23,462.1,7/26/2018,736.2,7/30/2018,782.9,,,,,,,,,,,,,,,,,,,,,,,,,,,,,,,,,,,,,,,,,,,,,,,,,,,,,,,,
main_experiment,non_met,08/01/2018,4/3/2018,R,MFP,12wks,NRG,X0028-121D1323411,CBX028,SA609,11,Primary tumor,Naive,4-Jun-08,43,Yes,No,28-Mar-13,Bone,2518,HL180403,"SQ + regular suture from here/soft and fragile tumor, residual MFP removed. ",,,"distant organ(brain, lung, liver) harvested, grossly clean without metastasis",,,,"Negative for metastasis in liver, lung, brain.",500,5/16/18,palpable,5/23/18,5/8/18,5/8/18,7/31/2018,8/28/2018,9/5/18,,,,,7/3/2018,,,5/8/18,454.2,,,,,,,,,,,,,,,,,,,,,,,,,,,,,,,,,,,,,,,,,,,,,,,,,,,,,,,,,,,,,,,,,,,,,,,,,,,,
main_experiment,non_met,08/01/2018,4/3/2018,L,MFP,12wks,NRG,X0028-121D1323412,CBX028,SA609,11,Primary tumor,Naive,4-Jun-08,43,Yes,No,28-Mar-13,Bone,2519,HL180403,"Matrigel leaked during injection/Huge tumor, soft but not attached to skin, residual MFP removed, possibility of remnant tumor cells b/c soft, fragile tumor",,,"distant organ(brain, lung, liver) harvested, grossly clean without metastasis, tumour recur",,,,"Negative for metastasis in liver, lung, brain.",500,5/16/18,palpable,5/23/18,5/8/18,5/8/18,7/31/2018,8/28/2018,6/8/18,,,,,7/3/2018,,,5/8/18,1669.5,5/31/18,27.5(recurred),6/4/18,311.7,6/7/18,1047.4,,,,,,,,,,,,,,,,,,,,,,,,,,,,,,,,,,,,,,,,,,,,,,,,,,,,,,,,,,,,,,,,,,,,,,
main_experiment,non_met,08/01/2018,4/3/2018,B,MFP,12wks,NRG,X0028-121D1323413,CBX028,SA609,11,Primary tumor,Naive,4-Jun-08,43,Yes,No,28-Mar-13,Bone,2520,HL180403,"soft and fragile tumor, residual MFP removed. ",,,"distant organ(brain, lung, liver) harvested, grossly clean without metastasis",,,,"Negative for metastasis in liver, lung, brain.",500,5/16/18,palpable,5/23/18,5/8/18,5/8/18,7/31/2018,8/28/2018,8/28/18,,,8/22/18,,7/3/2018,,,5/8/18,528.4,,,,,,,,,,,,,,,,,,,,,,,,,,,,,,,,,,,,,,,,,,,,,,,,,,,,,,,,,,,,,,,,,,,,,,,,,,,,
main_experiment,non_met,08/01/2018,4/3/2018,N,MFP,12wks,NRG,X0028-121D1323414,CBX028,SA609,11,Primary tumor,Naive,4-Jun-08,43,Yes,No,28-Mar-13,Bone,2521,HL180403,"Matrigel leaked during injection/PTR on May18,2018; tumor removed without rupture. residual MFP removed.",,,"distant organ(brain, lung, liver) harvested, grossly clean without metastasis",,,,"Negative for metastasis in liver, lung, brain.",500,5/16/18,palpable,,5/17/18,5/18/18,8/10/2018,9/7/2018,8/28/18,,,8/22/18,,7/13/2018,,,5/18/18,758.2,,,,,,,,,,,,,,,,,,,,,,,,,,,,,,,,,,,,,,,,,,,,,,,,,,,,,,,,,,,,,,,,,,,,,,,,,,,,
main_experiment,non_met,20/01/2018,4/24/2018,R,MFP,13wks,NRG,X0038-1246159671,CBX038,SA604,10,Primary tumor,Naive,16-Jul-13,40,Yes,No,Mar-14,"Bone,Liver",2577,HL180424,,,,"distant organ(brain, lung, liver, inguinal LN_fatpad) harvested, grossly clean without metastasis, enlarged spleen",,,,"Negative for metastasis in liver, lung, brain.",500,5/28/18,palpable,,31/05/2018,6/25/18,9/17/2018,10/15/2018,12/6/18,,,9/26/18,,,,,5/31/18,65.0,6/4/18,86.5,6/7/18,132.9,6/11/18,175.5,6/14/18,256.3,6/18/18,341.20,6/21/18,421.2,2018-6-25,759.90,,,,,,,,,,,,,,,,,,,,,,,,,,,,,,,,,,,,,,,,,,,,,,,,,,,,,,,,,,,,,,
main_experiment,non_met,20/01/2018,4/24/2018,L,MFP,13wks,NRG,X0038-1246159672,CBX038,SA604,10,Primary tumor,Naive,16-Jul-13,40,Yes,No,Mar-14,"Bone,Liver",2578,HL180424,,,,"distant organ(brain, lung, liver, inguinal LN_fatpad) harvested, grossly clean without metastasis, enlarged spleen",,,,"Negative for metastasis in liver, lung, brain.",500,5/28/18,palpable,,31/05/2018,6/23/18,9/15/2018,10/13/2018,12/6/18,,,,,,,,5/31/18,55.1,6/4/18,59.9,6/7/18,195.5,6/11/18,214.0,6/14/18,272.6,6/18/18,484.30,6/21/18,638.2,2018-6-23,939.30,,,,,,,,,,,,,,,,,,,,,,,,,,,,,,,,,,,,,,,,,,,,,,,,,,,,,,,,,,,,,,
main_experiment,non_met,20/01/2018,4/24/2018,B,MFP,13wks,NRG,X0038-1246159673,CBX038,SA604,10,Primary tumor,Naive,16-Jul-13,40,Yes,No,Mar-14,"Bone,Liver",2579,HL180424,,,"Euthanized Nov20/18 due to time (over 16wks after PTR), No grossly abnormal findings",,,,,"Negative for metastasis in liver, lung, brain.",500,5/28/18,palpable,,31/05/2018,6/18/18,9/10/2018,10/8/2018,11/20/18,,,"22/08/2018, 26/09/2018",,8/13/2018,,,5/31/18,83.4,6/4/18,191.1,6/7/18,326.0,6/11/18,598.0,6/14/18,598.0,6/18/18,973.40,,,,,,,,,,,,,,,,,,,,,,,,,,,,,,,,,,,,,,,,,,,,,,,,,,,,,,,,,,,,,,,,,,
main_experiment,non_met,20/01/2018,4/24/2018,N,MFP,13wks,NRG,X0038-1246159674,CBX038,SA604,10,Primary tumor,Naive,16-Jul-13,40,Yes,No,Mar-14,"Bone,Liver",2580,HL180424,Matrigel leaked during injection,,,"distant organ(brain, lung, liver) harvested, grossly clean without metastasis, enlarged spleen, FFPEx1, FFx2, VFx2 for brain, liver, lung",,,,"Negative for metastasis in liver, lung, brain.",500,5/28/18,palpable,,31/05/2018,6/19/18,9/11/2018,10/9/2018,1/4/19,,,,,8/14/2018,,,5/31/18,125.8,6/4/18,169.9,6/7/18,231.1,6/11/18,416.0,6/14/18,432.5,6/18/18,751.00,,,,,,,,,,,,,,,,,,,,,,,,,,,,,,,,,,,,,,,,,,,,,,,,,,,,,,,,,,,,,,,,,,
main_experiment,non_met,17/03/2018,6/11/2018,L,MFP,12wks,NSG,X1476-2332,VBA1476,SA1139,4,Primary tumor,Naive,,,,,,,2690,HL180611,Matrigel leaked during injection (injection material volume was overlaoded),minor wound dehiscence,"PTR on Aug14/18, Hard mass, highly vascularized, easily removed, minimal bleeding","distant organ(brain, lung, liver) harvested, grossly clean without metastasis, enlarged spleen, FFPEx1, FFx2, VFx2 for brain, liver, lung",,,,"Negative for metastasis in liver, lung, brain.",550,22/07/2018,palpable,,,8/14/18,11/6/2018,12/3/2018,1/4/19,,,12/11/18,,,,,,,7/23/18,58.3,7/26/18,95.5,7/30/18,189.1,8/2/18,273.3,8/7/18,273.30,8/9/18,599.4,2018-8-13,677.80,,,,,,,,,,,,,,,,,,,,,,,,,,,,,,,,,,,,,,,,,,,,,,,,,,,,,,,,,,,,,,
main_experiment,unknown,17/03/2018,6/11/2018,B,MFP,12wks,NSG,X1476-2333,VBA1476,SA1139,4,Primary tumor,Naive,,,,,,,2691,HL180611,Matrigel leaked during injection (injection material volume was overlaoded),,"PTR on Sep10/18, Hard mass, highly vascularized, easily removed, minor bleeding","distant organ(brain, lung, liver) harvested, grossly clean without metastasis, FFPEx1, FFx2, VFx2 for brain, liver/ FFPEx1,FFx1,VFx2 for lung",,,,"Negative for metastasis in liver, brain.
One micromets in lung?",550,22/07/2018,non-palpable,,,9/10/18,12/3/2018,12/31/2018,2/1/19,,,,,,,,9/4/18,598.0,9/6/18,624,9/10/18,1145.6,,,,,,,,,,,,,,,,,,,,,,,,,,,,,,,,,,,,,,,,,,,,,,,,,,,,,,,,,,,,,,,,,,,,,,,,
main_experiment,non_met,17/03/2018,6/11/2018,N,MFP,12wks,NSG,X1476-2334,VBA1476,SA1139,4,Primary tumor,Naive,,,,,,,2692,HL180611,"Matrigel leaked during injection (injection material volume was overlaoded), wound dehiscence.",,"PTR on Aug13/18, Hard mass, highly vascularized, easily removed, minimal bleeding","distant organ(brain, lung, liver) harvested, grossly clean without metastasis, enlarged spleen, FFPEx1, FFx2, VFx2 for brain, liver, lung",,,,"Negative for metastasis in liver, lung, brain.",550,22/07/2018,palpable,,,8/13/18,11/5/2018,12/2/2018,1/4/19,,,12/11/18,,,,,,,7/23/18,151.8,7/26/18,197.2,7/30/18,368.2,8/2/18,368.2,8/7/18,518.60,8/9/18,682.2,2018-8-13,990.30,,,,,,,,,,,,,,,,,,,,,,,,,,,,,,,,,,,,,,,,,,,,,,,,,,,,,,,,,,,,,,
main_experiment,unknown,11/04/2018,6/21/2018,R,MFP (sgRNA),10wks,NSG,X0662-12125,VBA0662,SA501,5,Primary tumor,,,,,,,,2740,HL180621,"sgRNA transduced/ PTR on Jul31/18, hard mass, easily removed, minimal bleeding",,"Euth on Nov28/18, No grossly abnormal findings in organs.FFPEx1, FFx2, VFx2 for brain, liver, lung",,,,,,,22/07/2018,palpable,,,7/31/18,10/23/2018,11/20/2018,11/28/18,,,11/7/18,,,,,,,7/23/18,216.6,7/26/18,267.3,7/30/18,350.0,,,,,,,,,,,,,,,,,,,,,,,,,,,,,,,,,,,,,,,,,,,,,,,,,,,,,,,,,,,,,,,,,,,,,,
main_experiment,non_met,11/04/2018,6/21/2018,L,MFP (sgRNA),10wks,NSG,X0662-12126,VBA0662,SA501,5,Primary tumor,,,,,,,,2741,HL180621,"sgRNA transduced/ PTR on Jul31/18, hard mass, easily removed, minimal bleeding",,,,,,,"Negative for metastasis in liver, lung, brain.",,22/07/2018,palpable,,,7/31/18,10/23/2018,11/20/2018,11/29/18,,,,,,,,,,7/23/18,245.7,7/26/18,346.2,7/30/18,492.8,,,,,,,,,,,,,,,,,,,,,,,,,,,,,,,,,,,,,,,,,,,,,,,,,,,,,,,,,,,,,,,,,,,,,,
main_experiment,non_met,11/04/2018,6/21/2018,B,MFP,10wks,NSG,X0662-12127,VBA0662,SA501,5,Primary tumor,,,,,,,,2742,HL180621,sgRNA non-transduced,,Euthanized Nov21.18 due to tail vein wounds. No grossly abnormal findings in organs.,,,,,"Negative for metastasis in liver, lung, brain.",,22/07/2018,palpable,,,8/6/18,10/29/2018,11/26/2018,11/21/18,,,11/7/18,,,,,,,,,7/26/18,282.6,7/30/18,304.8,8/2/18,459.1,8/6/18,964.00,,,,,,,,,,,,,,,,,,,,,,,,,,,,,,,,,,,,,,,,,,,,,,,,,,,,,,,,,,,,,,,,,,
main_experiment,non_met,11/04/2018,6/21/2018,N,MFP,10wks,NSG,X0662-12128,VBA0662,SA501,5,Primary tumor,,,,,,,,2743,HL180621,sgRNA non-transduced,,"Euth on Nov28/18, No grossly abnormal findings in organs.FFPEx1, FFx2, VFx2 for brain, liver, lung/ 2mm sized small mass at tumor site",,,,,"Negative for metastasis in liver, lung, brain.",,22/07/2018,palpable,,,8/6/18,10/29/2018,11/26/2018,11/28/18,,,,,,,,,,7/23/18,145,7/26/18,311.7,7/30/18,311.7,8/2/18,506.8,8/6/18,1593.50,,,,,,,,,,,,,,,,,,,,,,,,,,,,,,,,,,,,,,,,,,,,,,,,,,,,,,,,,,,,,,,,,,
main_experiment,met,21/04/2018,7/13/2018,R,MFP,12wks,NSG,X2673-11,PBC02673,SA1142 (need to be checked),2,Primary tumor,,,,,,,,2798,HL180713,"Patient ID should be confirmed, PBC02596 or PBC02673, confirmed to be PBC02673",,"PTR on Jan30/19, Small hard mass, easily removed, small bleeding","Euth on Mar26/19 due to wt loss, mild ataxia. Two small mets in liver, other organs were clean without mets.
Brain: FFPEx1, Liver mets: FFPEx1, VFx2, Lung: VFx2 after mouse depletion (cold protease), cell count=3.64mil/ml -> 1.8mil cells in 1 VF
Initial material: TP=7064(Rack2-Box9-C1), VF=7065 (Rack2-Box9-C2), FF=7063 (Rack2-Box9-B8)
Primary and liver mets for DLP on May2/19, Lung mets for DLP on May17/19.
Resubmit liver and lung (dead cell removal) on","Primary SA1141X2XB09021 (Box14, C2)
Liver mets SA1141X2XB09526 (Box18, D2) : low cells, additional vial needed, FF?
Lung mets SA1141X2XB09528 (Box18, D4) : low cells, additional vial needed",,,"Multiple metastatic lesion in lung, metastatic mass in liver, negative for brain",,,,,,1/30/19,4/24/2019,5/22/2019,3/28/19,8 weeks,36 weeks,,,,,,11/8/18,24.7,11/13/18,24.7,11/15/18,69.5,11/19/18,81.6,11/22/18,87.9,11/26/18,109.80,11/29/18,131.0,2018-12-3,167.00,2018-12-6,167.0,12/10/2018,178.9,12/13/2018,190.0,12/17/2018,218.4,12/20/2018,235.5,12/24/2018,264.8,1/2/2019,317.3,2019-1-7,317.3,1/10/2019,324.1,1/14/2019,324.1,1/17/2019,356.9,1/21/2019,386.6,1/24/2019,395.4,1/29/2019,407.8,,,,,,,,,,,,,,,,,,,,,,,,,,,,,,,,,,
main_experiment,met,21/04/2018,7/13/2018,L,MFP,12wks,NSG,X2673-12,PBC02673,SA1142,2,Primary tumor,,,,,,,,2799,HL180713,"Patient ID should be confirmed, PBC02596 or PBC02673, confirmed to be PBC02673",minor wound dehiscence,"PTR on Jan30/19, Small hard mass, easily removed, minimal bleeding","Euth on Mar26/19 due to wt loss, mild ataxia. No gross mets in organs.
Brain, Lung, liver: FFPEx1",,,,"A few metastatic lesion in lung, Negative for liver, brain",,,,,,1/30/19,4/24/2019,5/22/2019,3/26/19,8 weeks,36 weeks,,,,,,10/18/18,18.7,10/22/18,39.1,10/25/18,63.7,10/29/18,63.7,11/1/18,63.7,11/5/18,63.70,11/8/18,63.7,,95.50,,95.5,11/19/2018,95.5,11/22/2018,103.1,11/26/2018,161.9,11/29/2018,161.9,12/3/2018,174.4,12/6/2018,178.9,2018-12-10,192.4,12/13/2018,192.4,12/17/2018,197.2,12/20/2018,212.9,12/24/2018,239.9,1/2/2019,264.2,1/7/2019,264.2,1/10/2019,332.2,1/14/2019,341.7,1/17/2019,341.7,1/21/2019,272.3,1/24/2019,358.2,1/29/2019,358.2,,,,,,,,,,,,,,,,,,,,,,
main_experiment,met,21/04/2018,7/13/2018,B,MFP,12wks,NSG,X2673-13,PBC02673,SA1142,2,Primary tumor,,,,,,,,2800,HL180713,"Patient ID should be confirmed, PBC02596 or PBC02673, confirmed to be PBC02673",,Euthanized on Feb 6/19 due to wt loss. General illness.,"Metastatic lesion on liver, no specific findings in other organs.
Liver:FFPEx1, FFx1, VFx1 (enough for both DLP and 10X)
Lung: FFPEx1, VFx1, Brain: FFPEx1
Primary and liver submitted on Dec 13/19","Primary SA1141X2XB06032 (Box10)
Liver mets SA1142X2XB09378 (Box12) FF
Lung mets SA1142X2XB09379 (Box12)",,,"Metastatic lesion in liver, micrometastasis in lung, negative for brain",,,,,,12/12/18,3/6/2019,4/3/2019,2/6/19,8 weeks,29 weeks,,,,,,10/25/18,116.4,10/29/18,233.5,11/1/18,233.5,11/5/18,257.4,11/8/18,257.4,13/11/2018,299.50,15/11/2018,318.2,2018-11-19,349.60,2018-11-22,398.6,11/26/2018,480.2,11/29/2018,557.7,12/3/2018,526.2,12/6/2018,560.7,12/10/2018,618.8,,,2019-1-29,30.8,2/5/2019,37.4,,,,,,,,,,,,,,,,,,,,,,,,,,,,,,,,,,,,,,,,,,,,
main_experiment,unknown,11/06/2018,9/11/2018,R,MFP,13wks,NSG,X3629-15,PBC03629,SA1146,2,,,,,,,,,2925,HL180911,,,"PTR on Nov26/18, semi-solid mass, minor bleeding",,,,,,,,,,,11/26/18,2/18/2019,3/18/2019,at 1yr old,,,,,,,,11/13/18,276.3,11/15/18,408.6,11/19/18,603.2,11/22/18,1021.6,,,,,,,,,,,,,,,,,,,,,,,,,,,,,,,,,,,,,,,,,,,,,,,,,,,,,,,,,,,,,,,,,,,,,,
main_experiment,non_met,11/06/2018,9/11/2018,L,MFP,13wks,NSG,X3629-16,PBC03629,SA1146,2,,,,,,,,,2926,HL180911,,,"PTR on Nov18/18, Hard, vascularized mass, 20x20x16, minor bleeding. Passaged to 4 mice.","Euth on Mar7/19, Tumor recur at Lt MFP, no gross mets in other organs
FFPE for brain, lung, liver, tumor recur
Tumor recur: FFPEx1, FFx1, VFx2",,,,"Negative for metastasis in brain, lung and liver, Tumor cells in recured mass",,,,,,11/18/18,2/10/2019,3/10/2019,3/7/19,,,2/20/19,,,,,10/25/18,188.2,10/29/18,355.9,11/1/18,422.8,11/5/18,604.3,11/8/18,693.7,11/13/18,912.30,15/11/2018,1064.4,,,,,,,,,,,,,,,,,,,,,,,,,,,,,,,,,,,,,,,,,,,,,,,,,,,,,,,,,,,,,,,,
main_experiment,unknown,11/06/2018,9/11/2018,B,MFP,13wks,NSG,X3629-17,PBC03629,SA1146,2,,,,,,,,,2927,HL180911,,,"PTR on Dec19/18, Hard, vascularized mass,16x16x8, difficult to remove, took more than 20 min, some bleeding",,,,,,,,,,,12/19/18,3/13/2019,4/10/2019,at 1yr old,,,,,,,,11/26/18,124.9,11/29/18,172.1,12/3/18,255.3,12/6/18,267.3,12/10/18,445.3,12/13/18,661.10,12/17/18,856.5,,,,,,,,,,,,,,,,,,,,,,,,,,,,,,,,,,,,,,,,,,,,,,,,,,,,,,,,,,,,,,,,
main_experiment,non_met,11/06/2018,9/11/2018,N,MFP,13wks,NSG,X3629-18,PBC03629,SA1146,2,,,,,,,,,2928,HL180911,,,"PTR on Nov27/18, Mass attached to abdominal wall and left thigh. Peritoneum opened during removal, not repaired. Minor bleeding.","Euth on Mar7/19, huge tumor recur (20x14x14), no gross mets in other organs
FFPE for brain, lung, liver, tumor recur
Tumor recur: FFPEx1, FFx2, TPx2, VFx3",,,,"Negative for metastasis in brain, lung and liver, Tumor cells in recured mass",,,,,,11/27/18,2/19/2019,3/19/2019,3/7/19,,,,,,,,11/13/18,377.8,11/15/18,424.2,11/19/18,635.5,11/22/18,994.1,11/26/18,1587.0,,,,,,,,,,,,,,,,,,,,,,,,,,,,,,,,,,,,,,,,,,,,,,,,,,,,,,,,,,,,,,,,,,,,
main_experiment,non_met,07/08/2018,10/12/2018,R,MFP,9wks,NRG,X0028-161,CBX028,SA609,3,Primary tumor,,,,,,,,3031,HL181012,,,"PTR on Dec5/18, soft tumor, easily removed, minimal bleeding","Euth on Jul25/19, no gross mets
Lung:FFPEx1",,,,,,,,,,12/5/18,2/27/2019,3/27/2019,7/25/19,,,5/17/19,,,,,11/29/18,492.3,12/3/18,999.1,,,,,,,,,,,,,,,,,,,,,,,,,,,,,,,,,,,,,,,,,,,,,,,,,,,,,,,,,,,,,,,,,,,,,,,,,,
main_experiment,non_met,07/08/2018,10/12/2018,L,MFP,9wks,NRG,X0028-162,CBX028,SA609,3,Primary tumor,,,,,,,,3032,HL181012,,,"PTR on Dec4/18, soft tumor, easily removed, minimal bleeding","Euth on Sep30/19, no gross mets
Lung:FFPEx1",,,,,,,,,,12/4/18,2/26/2019,3/26/2019,9/30/19,,,9/20/19,,,,,11/29/18,891.0,12/3/18,1573.8,,,,,,,,,,,,,,,,,,,,,,,,,,,,,,,,,,,,,,,,,,,,,,,,,,,,,,,,,,,,,,,,,,,,,,,,,,
main_experiment,unknown,07/08/2018,10/12/2018,B,MFP,9wks,NRG,X0028-163,CBX028,SA609,3,Primary tumor,,,,,,,,3033,HL181012,,,"PTR on Dec4/18, soft tumor, easily removed, minimal bleeding","Euth on May1/19 d/t huge scabbed mass on Rt. Flank. Flank mass seemed like vascular structure. Liver had metastatic mass.
Lung:FFPEx1, Liver:FFPEx1, FFx1, VFx4, Flank mass(TuRec):FFPEx1",,,,"negative for lung, liver(mass lost during fixation?), flank mass seems muscular mass? - no tumor cells in histology",,,,,,12/4/18,2/26/2019,3/26/2019,5/1/19,21 weeks,28 weeks,,,,,,11/29/18,747.9,12/3/18,1122.8,,,,,,,,,,,,,,,,,,,,,,,,,,,,,,,,,,,,,,,,,,,,,,,,,,,,,,,,,,,,,,,,,,,,,,,,,,
main_experiment,unknown,07/08/2018,10/12/2018,N,MFP,9wks,NRG,X0028-164,CBX028,SA609,3,Primary tumor,,,,,,,,3034,HL181012,,,"PTR on Dec3/18, soft tumor, easily removed, minimal bleeding","Found dead on Aug31/19, No gross mets on necropsy",,,,,,,,,,12/3/18,2/25/2019,3/25/2019,8/31/19,,,5/17/19,,,,,11/29/18,1081.9,12/3/18,,,,,,,,,,,,,,,,,,,,,,,,,,,,,,,,,,,,,,,,,,,,,,,,,,,,,,,,,,,,,,,,,,,,,,,,,,,
main_experiment,non_met,15/08/2018,10/29/2018,R,MFP,10wks,NRG,X0847-215,VBA0847,SA919,3,Primary tumor,,,,,,,,3085,HL181029,,,"PTR on Jan24/19, Hard mass, easily removed, minor bleeding","Sick report on May28, euthanized in May30/19. No gross mets in organs. No neck or spine mass.
Lung:FFPEx1","Primary (SA919X3XB08961, Box13, E4)",,,negative for lung,,,,,,1/24/19,4/18/2019,5/16/2019,5/30/19,18 weeks,30 weeks,5/2/2019 (negative),,,,,1/14/19,500.8,1/17/19,615.3,1/21/19,528.2,1/24/19,584.7,,,,,,,,,,,,,,,,,,,,,,,,,,,,,,,,,,,,,,,,,,,,,,,,,,,,,,,,,,,,,,,,,,,,,,
main_experiment,non_met,15/08/2018,10/29/2018,L,MFP,10wks,NRG,X0847-216,VBA0847,SA919,3,Primary tumor,,,,,,,,3086,HL181029,,,"PTR on Jan20/19, Hard mass, easily removed, minor bleeding","Sick report Apr30, general illness, hunched, intermittent change of breathing/ Euth May1/19, No specific findings (No mass like lesion on cervical or lumbar area), Lung:FFPEx1","Primary (SA919X3XB08939, Box13, B9): submitted on Sep18/19",,,negative for lung,,,,,,1/20/19,4/14/2019,5/12/2019,5/1/19,15 weeks,26 weeks,,,,,,1/14/19,725.0,1/17/19,916.2,,,,,,,,,,,,,,,,,,,,,,,,,,,,,,,,,,,,,,,,,,,,,,,,,,,,,,,,,,,,,,,,,,,,,,,,,,
main_experiment,non_met,15/08/2018,10/29/2018,B,MFP,10wks,NRG,X0847-217,VBA0847,SA919,3,Primary tumor,,,,,,,,3087,HL181029,,,"PTR on Jan24/19, Hard mass, easily removed, minor bleeding","Sick report from May 1/19 Wt. loss.Euth by staff on May 20/19.
Gross mets like lesion in lungs: FFPEx1, No other abnormalities.","Primary (SA919X3XB08971, Box13, F5)",,,negative for lung,,,,,,1/24/19,4/18/2019,5/16/2019,5/21/19,16 weeks,29 weeks,5/2/2019 (negative),,,,,1/14/19,451.0,1/17/19,458,1/21/19,551.9,1/24/19,736.8,,,,,,,,,,,,,,,,,,,,,,,,,,,,,,,,,,,,,,,,,,,,,,,,,,,,,,,,,,,,,,,,,,,,,,
main_experiment,met,13/09/2018,11/18/2018,R,MFP,10wks,NSG,X3629-161,PBC03629,SA1146,3,,,,,,,,,3153,HL181118,,,"PTR on Feb6/19, Hard large mass, small bleeding","Euth on Apr28/19, huge tumor recur (26x24x20), extending into abdominal cavity. interestingly, there was no internal organ invasion. Only into surrounding muscles in pelvis area. No gross mets in other organs, no enlarged LNs in axilla or elsewhere.
FFPE for lung, liver, tumor recur
Tumor recur: FFPEx1, FFx2, TPx2, VFx4",,,,"tumor cells in the edge of lung? Cavity in liver, huge recurred tumor",,,,,,2/6/19,5/1/2019,5/29/2019,4/28/19,,,,,,,,1/31/19,746.0,2/5/19,966,,,,,,,,,,,,,,,,,,,,,,,,,,,,,,,,,,,,,,,,,,,,,,,,,,,,,,,,,,,,,,,,,,,,,,,,,,
main_experiment,non_met,13/09/2018,11/18/2018,L,MFP,10wks,NSG,X3629-162,PBC03629,SA1146,3,,,,,,,,,3154,HL181118,,,"PTR on Jan15/19, Hard mass, minor bleeding","Euth on Jul 29/19, large tumor recur, attached to skin, ulcerated, no invasion into surroundings or peritoneum.
Tumor recur: FFPEx1, FFx2, VFx2",,,,,,,,,,1/15/19,4/9/2019,5/7/2019,7/29/19,,,,,,,,1/2/19,353.9,1/7/19,430.3,1/10/19,624.4,1/14/19,1228.0,,,,,,,,,,,,,,,,,,,,,,,,,,,,,,,,,,,,,,,,,,,,,,,,,,,,,,,,,,,,,,,,,,,,,,
main_experiment,non_met,13/09/2018,11/18/2018,B,MFP,10wks,NSG,X3629-163,PBC03629,SA1146,3,,,,,,,,,3155,HL181118,,,"PTR on Jan2/19, Hard mass, small bleeding","Euth on Jul 29/19, no tumor recur or gross metastasis. Lung:FFPEx1",,,,,,,,,,1/2/19,3/27/2019,4/24/2019,7/29/19,,,,,,,,12/20/18,469.6,12/24/18,809.7,1/2/19,1243.0,,,,,,,,,,,,,,,,,,,,,,,,,,,,,,,,,,,,,,,,,,,,,,,,,,,,,,,,,,,,,,,,,,,,,,,,
main_experiment,non_met,13/09/2018,11/18/2018,N,MFP,10wks,NSG,X3629-164,PBC03629,SA1146,3,,,,,,,,,3156,HL181118,,,"PTR on Jan2/19, Hard mass, minor bleeding","Euth on Jul 29/19, no tumor recur or gross metastasis. Lung:FFPEx1",,,,,,,,,,1/2/19,3/27/2019,4/24/2019,7/29/19,,,,,,,,12/20/18,513.9,12/24/18,717.6,1/2/19,1283.8,,,,,,,,,,,,,,,,,,,,,,,,,,,,,,,,,,,,,,,,,,,,,,,,,,,,,,,,,,,,,,,,,,,,,,,,
main_experiment,met,,1/18/2019,R,MFP,11wks,NSG,X0011-23617,CBX011,SA535,5,,,,,,,,,3262,HL190118(1),,,"PTR on Jun12/19 (14x8x8), hard mass, easily removed, minor bleeding","Euth on Sep5/19 d/t ulcerated tumor, Small tumor recur x3 were found, left axillart mets, no other gross mets.
Lung: FFPEx1, VF x2(Lung dissociation + Mouse depletion), 1) Live = 8.75 x 105, Dead = 4.4 x 105, viability = 66.5%, 2) Live = 7.44 x 105, Dead = 5.23 x 105, viability = 58.7%, 8.09 x 105 live cells before freezing
TuRec: FFPEx1, FFx2, VFx2, AxiM: FFPEx1, FFx2, VFx3",,,,,,,,,,6/12/19,9/4/2019,10/2/2019,9/5/19,12 weeks,33 weeks,,,,,,29/04/2019,161.0,5/2/19,193.1,5/6/19,215.4,5/9/19,215.4,5/13/19,270.3,5/16/19,296.00,5/20/19,351.1,2019-5-23,369.00,2019-5-27,446.5,5/30/2019,485.7,6/3/2019,577.2,6/6/2019,616.7,6/10/2019,645.5,8/29/2019,96.0,9/2/2019,107.6,2019-9-5,132.9,,,,,,,,,,,,,,,,,,,,,,,,,,,,,,,,,,,,,,,,,,,,,,
main_experiment,met,,1/18/2019,L,MFP,11wks,NSG,X0011-23618,CBX011,SA535,5,,,,,,,,,3263,HL190118(1),,,"PTR on Jun25/19, small mass, easily removed, minor bleeding. OCTx1, FFx2, TPx2, VFx4 (no FFPE)","Euth on Oct22/19, recurred tumor, left axillary mets, single liver metastasis (~4mm),
Lung:FFPEx1, VFx2(Lung dissociation only), Liver:FFPEx1, FFx1, VFx1(tumor dissociation kit, 1)Live = 3.4x104, Dead = 2.13x105, Total = 2.48x105, via 13.9%, 2)6.2x104, 3.16x105, 3.78x105, via 16.4%)
TuRec:FFPEx1, OCTx1, FFx2, VFx4, AxiM:FFPEx1, OCTx1, FFx1, VFx2",,,,,,,,,,6/25/19,9/17/2019,10/15/2019,10/22/19,22 weeks,35 weeks,9/20/19,,,,,5/23/19,154.8,5/27/19,232.8,5/30/19,247.7,6/3/19,253.4,6/6/19,302.8,6/10/19,317.30,6/13/19,344.9,2019-6-17,352.20,2019-6-20,393.6,6/24/2019,429.6,,,,,,,8/29/2019,138.4,9/2/2019,138.4,2019-9-5,103.1,9/9/2019,173.3,9/12/2019,207.6,9/16/2019,237.2,9/19/2019,266.2,9/23/2019,266.2,9/26/2019,294.2,9/30/2019,359.6,10/3/2019,374.3,10/7/2019,419.2,10/10/2019,578.2,10/14/2019,583.5,10/17/2019,639.9,10/21/2019,656.5,,,,,,,,,,,,,,,,,,,,
main_experiment,non_met,,1/18/2019,B,MFP,11wks,NSG,X0011-23619,CBX011,SA535,5,,,,,,,,,3264,HL190118(1),,,"PTR on Jun4/19 (14x10x8), passaged into 4 mice + 4mice with Peter's library transduction, no FFPE","Euth on Sep16/19 d/t recurred tumor, large tumor recurrence invading into surrounding muscle and bone, no axillary mets
Lung: FFPEx1, VF x2(Lung dissociation + Mouse depletion), 1) Live = 8.75 x 105, Dead = 4.4 x 105, viability = 66.5%, 2) Live = 7.44 x 105, Dead = 5.23 x 105, viability = 58.7%, 8.09 x 105 live cells before freezing
TuRec: FFPEx1, FFx2, VFx2(ST), VFx2(MCS)",,,,,,,,,,6/4/19,8/27/2019,9/24/2019,9/16/19,9 weeks,34 weeks,,,,,,29/04/2019,269.6,5/2/19,300.4,5/6/19,348.0,5/9/19,348.0,5/13/19,395.8,5/16/19,454.60,5/20/19,611.1,2019-5-23,942.10,2019-5-27,955.9,5/30/2019,993.6,6/3/2019,1256.7,,,,,8/29/2019,275.2,9/2/2019,446.1,2019-9-5,292.9,9/9/2019,651.8,9/12/2019,887.1,9/16/2019,887.1,,,,,,,,,,,,,,,,,,,,,,,,,,,,,,,,,,,,,,,,
main_experiment,met,,1/18/2019,R,MFP,11wks,NSG,X0011-2361521,CBX011,SA535,7,,,,,,,,,3266,HL190118(2),,,"PTR on Mar12/19, hard mass, easily removed","Euth on May26/19, Recurred tumor x2 (10x10x8, 8x8x6), small axillary mets, intraabdominal mass firmly attached to lumbar spine
Lung:FFPEx1, VFx2(only gentle macs dissociated), AbdM:FFPEx1, FFx1, VFx2, TuRec:FFPEx1, FFx2, VFx4","Primary (SA535X7XB09473, Box17, G3)",,,multiple lung metastasis,,,,,,3/12/19,6/4/2019,7/2/2019,5/26/19,9 weeks,18 weeks,5/16/19,,,,,3/7/19,262.1,3/11/19,553.8,,,5/9/19,226.4,5/13/19,315.2,5/16/19,506.80,5/20/19,665.0,2019-5-23,703.60,,,,,,,,,,,,,,,,,,,,,,,,,,,,,,,,,,,,,,,,,,,,,,,,,,,,,,,,,,,,,,
main_experiment,met,,1/18/2019,L,MFP,11wks,NSG,X0011-2361522,CBX011,SA535,7,,,,,,,,,3267,HL190118(2),,,"PTR on Mar12/19, hard mass, easily removed","Euth on Jun27/19, Recurred tumor (10x10x10), axillary mets(8x8x8), no other gross mets.
Lung:FFPEx1, VFx2(cold protease + gentle macs dissociated), cell count = 1) Live= 6.84 e+6, Dead=2.75 e+4, Total=6.86 e+6, Viability 99.6%, 2) Live=6.69 e+6, Dead=2.06 e+4, Total= 6.71 e+6, Viability 99.7%
Tumor Recur:FFPEx1, VFx4, AxiM:FFPEx1, VFx2","Primary (SA535X7XB09456, Box17, E4)",,,multiple lung metastasis,,,,,,3/12/19,6/4/2019,7/2/2019,6/27/19,15 weeks,23 weeks,,,,,,3/7/19,262.1,3/11/19,624,,,5/9/19,69.9,5/13/19,73.7,5/16/19,108.50,5/20/19,165.4,2019-5-23,202.00,2019-5-27,285.6,5/30/2019,325.2,6/3/2019,353.2,6/6/2019,382.6,6/10/2019,435.7,6/13/2019,535.1,6/17/2019,727.8,2019-6-20,767.6,6/24/2019,860.6,6/27/2019,942.6,,,,,,,,,,,,,,,,,,,,,,,,,,,,,,,,,,,,,,,,,,
main_experiment,met,,1/18/2019,B,MFP,11wks,NSG,X0011-2361523,CBX011,SA535,7,,,,,,,,,3268,HL190118(2),,,"PTR on Mar12/19, hard mass, easily removed","Euth Jun2/19, Large tumor recur attached to spine, no axillary mets.
Lung:FFPEx1, VFx2(only gentle macs), TuRec:FFPEx1, TPx2, FFx2, VFx4","Primary (SA535X7XB09482, Box17, H3)",,,multiple lung metastasis,,,,,,3/12/19,6/4/2019,7/2/2019,6/2/19,9 weeks,19 weeks,5/16/19,,,,,3/7/19,383.3,3/11/19,565.7,,,5/9/19,89.1,5/13/19,727.7,5/16/19,185.70,5/20/19,284.7,2019-5-23,346.10,2019-5-27,740.0,5/30/2019,746.0,,,,,,,,,,,,,,,,,,,,,,,,,,,,,,,,,,,,,,,,,,,,,,,,,,,,,,,,,,
main_experiment,met,,1/18/2019,N,MFP,11wks,NSG,X0011-2361524,CBX011,SA535,7,,,,,,,,,3269,HL190118(2),,,"PTR on Mar12/19, hard mass, easily removed","Euth May10/19, Large tumor recur, small left axillary mets
Lung:FFPEx1, Tumor recur:FFPEx1, FFx2, VFx4, AxiM:FFPEx1, VFx2","Primary (SA535X7XB09464, Box17, F3)",,,"Axillary mets, multiple lung metastasis",,,,,,3/12/19,6/4/2019,7/2/2019,5/10/19,8 weeks,16 weeks,,,,,,3/7/19,244.9,3/11/19,661.1,,,5/9/19,981.6,,,,,,,,,,,,,,,,,,,,,,,,,,,,,,,,,,,,,,,,,,,,,,,,,,,,,,,,,,,,,,,,,,,,,,
main_experiment,non_met,26/10/2018,1/20/2019,R,MFP,13wks,NRG,X0847-2161,VBA0847,SA919,4,,,,,,,,,3270,HL190120,,,"PTR on Apr7/19, easily removed, minimal bleeding","Sick report on Sep6/19, hunched, ruffled, and mildly pale, orbittal tightening.
Euth on Sep6/19, no gross mets.
Lung:FFPEx1","Primary (SA919X4XB09552, Box18, G1)",,,,,,,,,4/7/19,6/30/2019,7/28/2019,9/6/19,21 weeks,32 weeks,,,,,,3/11/19,146.0,3/14/19,67.5,3/18/19,83.7,3/21/19,87.1,3/25/19,163.9,3/28/19,183.70,4/1/19,364.4,2019-4-4,501.20,,,,,,,,,,,,,,,,,,,,,,,,,,,,,,,,,,,,,,,,,,,,,,,,,,,,,,,,,,,,,,
main_experiment,non_met,26/10/2018,1/20/2019,L,MFP,13wks,NRG,X0847-2162,VBA0847,SA919,4,,,,,,,,,3271,HL190120,,,"PTR on Apr2/19, easily removed, minor bleeding","Sick report on Aug24/19, self-isolated with a head tilt, pale, weak, not moving around, score 4.
Euth on Aug 24/19, no gross metastasis, could not find any reason for sickness. Left lower lumbar structure was collected for histology.
Lung:FFPE, Lumbar:FFPE","Primary (SA919X4XB09535, Box18, E2)",,,,,,,,,4/2/19,6/25/2019,7/23/2019,8/24/19,20 weeks,31 weeks,,,,,,3/11/19,167.6,3/14/19,156,3/18/19,205.5,3/21/19,212.9,3/25/19,325.9,3/28/19,423.10,4/1/19,583.5,,,,,,,,,,,,,,,,,,,,,,,,,,,,,,,,,,,,,,,,,,,,,,,,,,,,,,,,,,,,,,,,
main_experiment,met,26/10/2018,1/20/2019,B,MFP,13wks,NRG,X0847-2163,VBA0847,SA919,4,,,,,,,,,3272,HL190120,,,"PTR on Mar19/19, easily removed, minor bleeding","Euth on Jul17/19, hind leg paralysis. Small mass at right abdomen between kidney and liver (AbdM), Left paraspinal mass near left kidney without direct invasion to spine (SpinM). No definite cause found for paralysis.
Lung:FFPEx1, AbdM:FFPEx1, SpinM:FFPEx1, FFx1, VFx2","Primary (SA919X4XB09510, Box18, B4)",,,abdominal mass and spinal mass but no lung mets,,,,,,3/19/19,6/11/2019,7/9/2019,7/17/19,17 weeks,25 weeks,,,,,,3/4/19,141.2,3/7/19,191.1,3/11/19,262.9,14/03/2019,346.2,18/03/2019,561.6,,,,,,,,,,,,,,,,,,,,,,,,,,,,,,,,,,,,,,,,,,,,,,,,,,,,,,,,,,,,,,,,,,,,
main_experiment,met,26/10/2018,1/20/2019,N,MFP,13wks,NRG,X0847-2164,VBA0847,SA919,4,,,,,,,,,3273,HL190120,,,"PTR on Apr7/19, easily removed,minor bleeding","Sick report Aug18/19, pale, ruffled and quite weak in the hind end. Large left axillary mass
Euth on Aug19/19, huge mass on left axillary area (14x10x10) but it does not seem to be in axillary area, more likely in subcue space outside of chest wall, another smaller paraspinal mass at left retroperitoneal space, right behind left kidney.
Lung:FFPE, Axim:FFPEx1, FFx2, VFx4, Lumbar:FFPEx1, FFx1, VFx3","Primary (SA919X4XB09563, Box18, H3): submitted on Sep18/19
Axillary (SA919X4XB40503, Box24, B9)
Lumbar (SA919X4XB40509, Box24, C6)",,,,,,,,,4/7/19,6/30/2019,7/28/2019,8/19/19,19 weeks,30 weeks,,,,,,3/21/19,89.5,3/25/19,181.2,3/28/19,181.2,4/1/19,265.1,4/4/19,334.3,,,,,,,,,,,,,,,,,,,,,,,,,,,,,,,,,,,,,,,,,,,,,,,,,,,,,,,,,,,,,,,,,,,,
main_experiment,non_met,13/02/2019,5/10/2019,R,MFP,12wks,NRG,X0028-121D1323415,CBX028,SA609,11,"TPx2, tiny pellet",,,,,,,,3436,HL190510,,,"PTR on Jul 8/19, large fragile mass, easily removed, minor bleeding. FFPEx1, FFx2, TPx2, VFx4","Euth on Feb5/20, no mets. Lung:FFPEx1",,,,negative for lung mets,,,,,,7/8/19,9/30/2019,10/28/2019,2/5/20,,,,,,,,6/27/19,110.2,7/1/19,202.2,7/4/19,202.2,7/8/19,811.5,,,,,,,,,,,,,,,,,,,,,,,,,,,,,,,,,,,,,,,,,,,,,,,,,,,,,,,,,,,,,,,,,,,,,,
main_experiment,non_met,13/02/2019,5/10/2019,L,MFP,12wks,NRG,X0028-121D1323416,CBX028,SA609,11,"VFx1, small pellet",,,,,,,,3437,HL190510,,,"PTR on Jun25/19, large fragile mass, easily removed, minor bleeding.FFPEx1, FFx2, TPx2, VFx4","Euth on Sep12/19, large tumor recur, no other gross mets.
Lung:FFPEx1, TuRec: FFPEx1, OCTx1, FFx2, VFx4",,,,negative for lung mets,,,,,,6/25/19,9/17/2019,10/15/2019,9/12/19,,,,,,,,6/17/19,358.2,6/20/19,708.5,6/24/19,1246.1,,,8/19/19,178.0,8/22/19,198.40,8/26/19,222.8,2019-8-29,247.70,2019-9-2,339.5,9/5/2019,346.1,9/9/2019,456.6,9/12/2019,916.2,,,,,,,,,,,,,,,,,,,,,,,,,,,,,,,,,,,,,,,,,,,,,,,,,,,,,,
main_experiment,non_met,13/02/2019,5/14/2019,B,MFP,13wks,NRG,X0028-121D1323417,CBX028,SA609,11,VFx1 into two mice,,,,,,,,3438,HL190510,,,"PTR on Jun17/19 (18x14x14), large fragile mass, easily removed, minor bleeding. OCTx1, FFx2, TPx2, VFx4","Euth on Feb5/20, no mets. Lung:FFPEx1",,,,negative for lung mets,,,,,,6/17/19,9/9/2019,10/7/2019,2/5/20,,,,,,,,6/13/19,898.4,6/17/19,1180.5,,,,,,,,,,,,,,,,,,,,,,,,,,,,,,,,,,,,,,,,,,,,,,,,,,,,,,,,,,,,,,,,,,,,,,,,,,
main_experiment,non_met,13/02/2019,5/14/2019,N,MFP,13wks,NRG,X0028-121D1323418,CBX028,SA609,11,VFx1 into two mice,,,,,,,,3439,HL190510,,,"PTR on Jun17/19 (24x10x10), large fragile mass, easily removed, minor bleeding. OCTx1, FFx2, TPx2, VFx4","Euth on Feb5/20, no mets. Lung:FFPEx1",,,,negative for lung mets,,,,,,6/17/19,9/9/2019,10/7/2019,2/5/20,,,,,,,,6/13/19,637.1,6/17/19,1086.6,,,,,,,,,,,,,,,,,,,,,,,,,,,,,,,,,,,,,,,,,,,,,,,,,,,,,,,,,,,,,,,,,,,,,,,,,,
main_experiment,met,23/02/2019,5/14/2019,R,MFP,12wks,NRG,X0028-1631,CBX028,SA609,4,TPx2 into four mice,,,,,,,,3440,HL190514,,,"PTR on Jul 30/19, fragile mass, easily removed, minor bleeding. FFPEx1, OCTx1, FFx2, TPx2, VFx4","Euth on Sep 3/19 d/t tumor recur (20x12x12), axillary mass
Lung: FFPEx1, TuRec: FFPEx1, OCTx1, FFx2, VFx4, AxiM: FFPEx1, FFx2, VFx4",,,,"positive for tumor recur, axillary, lung mets",,,,,,7/30/19,10/22/2019,11/19/2019,9/3/19,,,,,,,,7/15/19,87.9,7/17/19,183.9,7/22/19,227.8,7/25/19,360.1,7/29/19,574.3,,,8/29/19,829.7,2019-9-2,1042.60,,,,,,,,,,,,,,,,,,,,,,,,,,,,,,,,,,,,,,,,,,,,,,,,,,,,,,,,,,,,,,
main_experiment,met,23/02/2019,5/14/2019,L,MFP,12wks,NRG,X0028-1632,CBX028,SA609,4,TPx2 into four mice,,,,,,,,3441,HL190514,,,"PTR on Jul 22/19, large fragile mass, easily removed, minor bleeding. FFPEx1, OCTx1, FFx2, VFx4","Euth on Feb24/20, no gross mets
Lung:FFPEx1",,,,1 tumor deposit in lung,,,,,,7/22/19,10/14/2019,11/11/2019,2/24/20,,,,,,,,7/8/19,145.1,7/11/19,226.4,7/15/19,558.9,7/17/19,690.1,7/22/19,857.3,,,,,,,,,,,,,,,,,,,,,,,,,,,,,,,,,,,,,,,,,,,,,,,,,,,,,,,,,,,,,,,,,,,,
main_experiment,non_met,23/02/2019,5/14/2019,B,MFP,12wks,NRG,X0028-1633,CBX028,SA609,4,TPx2 into four mice,,,,,,,,3442,HL190514,,,"PTR on Jul 16/19, large fragile mass, easily removed, minor bleeding. (wound resuture on Jul22/19) FFPEx1, OCTx1, FFx2, TPx2, VFx4","Euth on Feb24/20, no gross mets
Lung:FFPEx1",,,,negative for lung mets,,,,,,7/16/19,10/8/2019,11/5/2019,2/24/20,,,,,,,,7/8/19,376.5,7/11/19,699.7,7/15/19,1009.0,,,,,,,,,,,,,,,,,,,,,,,,,,,,,,,,,,,,,,,,,,,,,,,,,,,,,,,,,,,,,,,,,,,,,,,,
main_experiment,met,23/02/2019,5/14/2019,N,MFP,12wks,NRG,X0028-1634,CBX028,SA609,4,TPx2 into four mice,,,,,,,,3443,HL190514,,,"PTR on Jul 8/19, large fragile mass, easily removed, minor bleeding. FFPEx1, OCTx1, FFx2, TPx2, VFx4","Euth on Feb24/20, subQ mass at left flank near rib cage, no other gross mets
Lung:FFPEx1, SubQ:FFx1, VFx3",,,,"negative for lung mets, tumor deposit in fat tissue",,,,,,7/8/19,9/30/2019,10/28/2019,2/24/20,,,,,,,,7/4/19,774.0,7/8/19,998,,,,,,,,,,,,,,,,,,,,,,,,,,,,,,,,,,,,,,,,,,,,,,,,,,,,,,,,,,,,,,,,,,,,,,,,,,
main_experiment,met,01/03/2019,6/4/2019,R,MFP,13wks,NRG,X0011-236191,CBX011,SA535,6,,,,,,,,,3605,HL190604(1),,,"PTR on Sep3/19, hard mass (20x12x12), easily removed, small separate mass attached to both skin and main mass (removed with skin), minor bledding
FFPEx1, OCTx1, FFx2, TPx2, VFx4","Euth on Dec2/19, Tumor recur (4 small masses), Two axillary mets, intrathoracic mass.
Lung:VFx2(gentle macs only), TuRec: OCTx1, FFx2, VFx4 (gentle macs only), AxiM:OCTx1, FFx2, VFx4 (gentle macs only), Thoracic mass(ThorM): FFPEx1",,,,,,,,,,9/3/19,11/26/2019,12/24/2019,12/2/19,,,,,,,,7/17/19,148.6,7/22/19,168.1,7/25/19,193.1,7/29/19,307.1,8/1/19,373.1,8/6/19,373.10,8/8/19,393.6,2019-8-12,393.60,2019-8-15,618.7,8/19/2019,457.7,8/22/2019,714.4,8/26/2019,944.6,8/29/2019,830.9,9/2/2019,1167.3,,,2019-10-24,33.2,10/28/2019,99.5,10/31/2019,52.7,11/4/2019,53.7,11/7/2019,57.9/40.3,11/11/2019,93/41.1,11/14/2019,97.8/47.2,11/19/2019,108.5/53.8,11/21/2019,126.7/69.9,11/25/2019,145.9/84.4/123.6(axim),11/28/2019,180.7/92/178.3,12/2/2019,410.7/410.7,,,,,,,,,,,,,,,,,,,,,,,,
main_experiment,met,01/03/2019,6/4/2019,L,MFP,13wks,NRG,X0011-236192,CBX011,SA535,6,,,,,,,,,3606,HL190604(1),,,"PTR on Aug20/19, hard mass (14x10x8), easily removed, small separate mass attached to skin (removed with skin), minor bledding
FFPEx1, OCTx1, FFx2, TPx2, VFx4","Euth on Oct28/19, Tumor recur, small liver mass, Left axillary mets
Liver:FFPEx1, Lung: FFPEx1, VFx2(gentle macs only), TuRec: FFPEx1, OCTx1, FFx2, VFx4 (macs only), Axim: FFPEx1, OCTx1, FFx1, VFx2 (macs only)",,,,positive for lung mets,,,,,,8/20/19,11/12/2019,12/10/2019,10/28/19,,,9/20/19,,,,,7/17/19,91.1,7/22/19,132.1,7/25/19,167.9,7/29/19,353.2,8/1/19,389.7,8/6/19,389.70,8/8/19,481.9,2019-8-12,481.90,2019-8-15,589.5,8/19/2019,644.8,,,10/24/2019,656.5,10/28/2019,758.2,,,,,,,,,,,,,,,,,,,,,,,,,,,,,,,,,,,,,,,,,,,,,,,,,,,,
main_experiment,met,01/03/2019,6/4/2019,B,MFP,13wks,NRG,X0011-236193,CBX011,SA535,6,,,,,,,,,3607,HL190604(1),,,"PTR on Aug20/19, hard mass (14x8x6), easily removed, minor bledding
FFPEx1, OCTx1, FFx2, VFx4","Euth on Dec2/19, Tumor recur x1, small axillary mass, huge intra-abdominal mass
Lung:VFx2 (gentle macs only), TuRec: OCTx1, FFx2, VFx4, AbdM: OCTx1, FFx2, VFx4, Axim:FFPEx1","Samples submitted for DLP and 10X (dissociation exp)
Primary tumor: 56815-BB, 56816-BB - Rack 33, box12, F6, F7
Tumor recur: 58253-BB, 58254-BB
Abdominal metastasis: 58259-BB, 58260-BB",,,,,,,,,8/20/19,11/12/2019,12/10/2019,12/2/19,,,,,,,,8/1/19,161.9,8/6/19,269.6,8/8/19,326.8,8/12/19,440.3,8/15/19,488.0,8/19/19,657.50,,,,,,,,,,,10/24/2019,133.5,10/28/2019,173.4,10/31/2019,209.2,11/4/2019,296.2,2019-11-7,296.2,11/11/2019,318.2,11/14/2019,360.7,11/19/2019,385.7,11/21/2019,447.8,11/25/2019,447.8,11/28/2019,505.4,12/2/2019,696.8,,,,,,,,,,,,,,,,,,,,,,,,,,,,,,,,
main_experiment,non_met,01/03/2019,6/4/2019,N,MFP,13wks,NRG,X0011-236194,CBX011,SA535,6,,,,,,,,,3608,HL190604(1),,,"PTR on Aug19/19,  hard mass easily removed,  minor bledding
FFPEx1, OCTx1, FFx2, TPx2, VFx4","Euth on Nov22/19, only tumor recur, no other mets.
Lung: VFx2 (lung dissociation + mouse depletion, count before MD: 1) Live =  1.37 x 104, Dead = 1.49 x 106, Total 1.5 x 106, viability 0.9%, 2) Live = 2.75 x 104, Dead = 3.92 x 106, Total = 3.95 x 106, via 0.67%. After MD: Live = 1.37 x 104, Dead = 4.68 x 105, Total = 4.82 x 105, via 2.86%. (approx 10% left after depletion)
TuRec: OCTx1, FFx1 (after gentle macs), VFx2 (gentle MCS only), VFx2 (TD+MD, count before MD: 1) Live = 1.37 x 105, Dead = 3.92 x 106, Total = 4.05 x 106, via = 3.4%, 2) live = 3.72 x 105, Dead = 2.62 x 106, Total = 2.99 x 106, via 12.4%. After MD: 1) Live = 2.96 x 105, Dead = 1.37 x 105, Total = 4.34 x 105, via 68.3%, 2) live = 3.58 x 105, Dead = 3.37 x 105, Total = 6.95 x 105, via 51.5%. (approx 15% left after depletion)
Rack13.Box08 (BOX ID 2669)",,,,,,,,,,8/19/19,11/11/2019,12/9/2019,11/22/19,,,,,,,,7/17/19,121.7,7/22/19,180.9,7/25/19,272.0,7/29/19,272.0,8/1/19,338.5,8/6/19,347.20,8/8/19,473.7,2019-8-12,490.20,2019-8-15,676.3,8/19/2019,708.7,,,10/14/2019,232.8,10/17/2019,235.5,10/21/2019,273.3,10/24/2019,332.2,2019-10-28,408.6,10/31/2019,430.6,11/4/2019,492.9,11/7/2019,523.8,11/11/2019,546.3,11/14/2019,579.3,11/19/2019,599.3,11/21/2019,647.2,,,,,,,,,,,,,,,,,,,,,,,,,,,,,,,,
mixing_experiment_SA919,,01/05/2021,6/26/2021,R,MFP,,NSG,X0847-2164-21122531,VBA0847,SA919,,X4+X7 (1:1) Clone A+B,,,,,,,,4327,HL210626(2),,,"PTR on Oct 4/21, minor bleeding, FFPEx1, OCTx1, STPTx1, FFx2, TPx2, VFx4","sick report Jan30/22, euth Jan31/22, no evidence of metastasis",,,,,,,,,,10/4/21,,,1/31/22,,,,,,,,9/14/21,268.2,9/17/21,374.5,9/20/21,430.6,9/23/21,666.8,9/27/21,666.8,9/30/21,769.70,10/4/21,942.6,,,,,,,,,,,,,,,,,,,,,,,,,,,,,,,,,,,,,,,,,,,,,,,,,,,,,,,,,,,,,,,,
mixing_experiment_SA919,,01/05/2021,6/26/2021,L,MFP,,NSG,X0847-2164-21122532,VBA0847,SA919,,X4+X7 (1:1),,,,,,,,4328,HL210626(2),,,"PTR on Oct 5/21, minor bleeding, FFPEx1, OCTx1, FFx2, TPx2, VFx4","sick report Jan18/22, no evidence of metastasis",,,,,,,,,,10/5/21,,,1/18/22,,,,,,,,9/10/21,193.1,9/14/21,290,9/17/21,342.4,9/20/21,391.7,9/23/21,489.3,9/27/21,617.90,9/30/21,691.9,2021-10-4,844.70,,,,,,,,,,,,,,,,,,,,,,,,,,,,,,,,,,,,,,,,,,,,,,,,,,,,,,,,,,,,,,
mixing_experiment_SA919,,01/05/2021,6/26/2021,B,MFP,,NSG,X0847-2164-21122533,VBA0847,SA919,,X4+X7 (1:1),,,,,,,,4329,HL210626(2),,,"PTR on Sep 28/21, minor bleeding, FFPEx1, OCTx1, FFx2, TPx2, VFx4","sick report on Jan26/21, euthanized, no evidence of metastasis",,,,,,,,,,9/28/21,,,1/26/22,,,,,,,,9/14/21,321.3,9/17/21,499.2,9/20/21,533.0,9/23/21,818.0,9/27/21,939.6,,,,,,,,,,,,,,,,,,,,,,,,,,,,,,,,,,,,,,,,,,,,,,,,,,,,,,,,,,,,,,,,,,,,
mixing_experiment_SA919,,01/05/2021,6/26/2021,N,MFP,,NSG,X0847-2164-21122534,VBA0847,SA919,,X4+X7 (1:1),,,,,,,,4330,HL210626(2),,,"PTR on Sep7/21, minor bleeding, FFPEx1, OCTx1, STPTx1, FFx2, TPx2, VFx4","sick report on Dec15/21, euthanized, no evidence of metastasis",,,,,,,,,,9/7/21,,,12/15/21,,,,,,,,8/27/21,313.9,8/31/21,551.7,9/3/21,730.4,9/7/21,1096.9,,,,,,,,,,,,,,,,,,,,,,,,,,,,,,,,,,,,,,,,,,,,,,,,,,,,,,,,,,,,,,,,,,,,,,
mixing_experiment_SA919,,02/05/2021,6/26/2021,R,MFP,,NSG,X0847-2164-21122535,VBA0847,SA919,,X4+X7 (1:0.25),,,,,,,,4331,HL210626(3),,,"PTR on Sep 17/21, minor bleeding, FFPEx1, OCTx1, STPTx1, FFx2, TPx2, VFx4","sick report Jan10/22 (rt eye discharge), euth Jan11/22, no evidence of metastasis",need to compare replicates that developed and didn't develop mets.,,,,,,,,,9/17/21,,,1/11/22,,,,,,,,9/7/21,546.0,9/10/21,711,9/14/21,988.4,,,,,,,,,,,,,,,,,,,,,,,,,,,,,,,,,,,,,,,,,,,,,,,,,,,,,,,,,,,,,,,,,,,,,,,,
mixing_experiment_SA919,,02/05/2021,6/26/2021,L,MFP,,NSG,X0847-2164-21122536,VBA0847,SA919,,X4+X7 (1:0.25),,,,,,,,4332,HL210626(3),,,"PTR on Sep 17/21, minor bleeding, FFPEx1, OCTx1, STPTx1, FFx2, TPx2, VFx4","sick report on Jan7/22, euthanized Jan7/22, no evidence of metastasis.",,,,,,,,,,9/17/21,,,1/7/22,,,,,,,,8/31/21,370.7,9/3/21,409.3,9/7/21,382.6,9/10/21,769.7,9/14/21,1071.4,,,,,,,,,,,,,,,,,,,,,,,,,,,,,,,,,,,,,,,,,,,,,,,,,,,,,,,,,,,,,,,,,,,,
mixing_experiment_SA919,,02/05/2021,6/26/2021,B,MFP,,NSG,X0847-2164-21122537,VBA0847,SA919,,X4+X7 (1:0.25),,,,,,,,4333,HL210626(3),,,"PTR on Sep7/21, minor bleeding, FFPEx1, OCTx1, STPTx1, FFx2, TPx2, VFx4","sick report on Dec31/21, euthanized on Jan1/22, no palpable mass, lumbar mass attached to spine.
Lumbar (FFPEx1, FFx2, VFx4)",,,,,,,,,,9/7/21,,,1/1/22,,,,,,,,8/27/21,293.7,8/31/21,630.6,9/3/21,860.6,9/7/21,1322.8,,,,,,,,,,,,,,,,,,,,,,,,,,,,,,,,,,,,,,,,,,,,,,,,,,,,,,,,,,,,,,,,,,,,,,
mixing_experiment_SA919,,02/05/2021,6/26/2021,N,MFP,,NSG,X0847-2164-21122538,VBA0847,SA919,,X4+X7 (1:0.25),,,,,,,,4334,HL210626(3),,,"PTR on Sep 20/21, minor bleeding, FFPEx1, OCTx1, STPTx1, FFx2, TPx2, VFx4","sick report on Jan13/22, euthanized, left axillary mass
Axim (FFPEx1,  STPTx1, FFx2, VFx4)",,,,,,,,,,9/20/21,,,1/13/22,,,,,,,,8/31/21,271.3,9/3/21,299.5,9/7/21,530.4,9/10/21,568.2,9/14/21,859.6,9/17/21,997.63,9/20/21,1132.3,,,,,,,,,,,,,,,,,,,,,,,,,,,,,,,,,,,,,,,,,,,,,,,,,,,,,,,,,,,,,,,,
mixing_experiment_SA919,,02/05/2021,7/1/2021,R,MFP,,NSG,X0847-21643,VBA0847,SA919,,X4 (X0847-2164 Axim),,,,,,,,4338,HL210701(1),,,"PTR on Sep 17/21, minor bleeding, FFPEx1, OCTx1, STPTx1, FFx2, TPx2, VFx4","small post neck mass palpable on Dec13/21, sick report Jan1/22, euth on Jan 4/22, large posterior neck mass.
postneck (FFPEx1, OCTx1, FFx2, VFx4)",,,,,,,,,,9/17/21,,,1/4/22,,,,,,,,8/27/21,390.6,8/31/21,349.6,9/3/21,578.2,9/7/21,730.3,9/10/21,818.0,9/14/21,878.50,9/17/21,1103.4,,,,,,,,,,,,,,,,,,,,,,,,,,,,,,,,,,,,,,,,,,,,,,,,,,,,,,,,,,,,,,,,
mixing_experiment_SA919,,02/05/2021,7/1/2021,L,MFP,,NSG,X0847-21644,VBA0847,SA919,,X4 (X0847-2164 Axim),,,,,,,,4339,HL210701(1),,,"PTR on Sep 25/21, minor bleeding, FFPEx1, OCTx1, STPTx1, FFx2, TPx3, VFx4, 1 TP used for mixing with HL210701(1)B","euth on Mar7/22, no evidence of metastasis",,,,,,,,,,9/25/21,,,3/7/22,,,,,,,,8/31/21,183.5,9/3/21,324.1,9/7/21,336.1,9/10/21,537.6,9/14/21,677.8,9/17/21,824.90,9/20/21,688.0,2021-9-23,851.30,,,,,,,,,,,,,,,,,,,,,,,,,,,,,,,,,,,,,,,,,,,,,,,,,,,,,,,,,,,,,,
mixing_experiment_SA919,,02/05/2021,7/1/2021,B,MFP,,NSG,X0847-21122521,VBA0847,SA919,,X7 (X0847-2112252 spinal met),,,,,,,,4340,HL210701(1),,,"PTR on Sep 25/21, minor bleeding, FFPEx1, OCTx1, STPTx1, FFx2, TPx3, VFx4, 1 TP used for mixing with HL210701(1)L","small post neck mass palpable on Dec20/21, sick report Jan1/22, euth on Jan 4/22, small posterior and anterior neck mass.
postneck (FFPEx1, FFx2, VFx2), anterior neck (FFPEx1, FFx2, VFx2)",,,,,,,,,,9/25/21,,,1/4/22,,,,,,,,9/10/21,282.3,9/14/21,508.2,9/17/21,578.9,9/20/21,584.3,9/23/21,820.1,,,,,,,,,,,,,,,,,,,,,,,,,,,,,,,,,,,,,,,,,,,,,,,,,,,,,,,,,,,,,,,,,,,,
mixing_experiment_SA919,,02/05/2021,7/1/2021,N,MFP,,NSG,X0847-21122522,VBA0847,SA919,,X7 (X0847-2112252 spinal met),,,,,,,,4341,HL210701(1),,,"PTR on Oct 4/21, minor bleeding, FFPEx1, OCTx1, STPTx1, FFx2, TPx2, VFx4","sick report on Jan10/22 (wt loss), Euth on Jan11, post-neck mass, small lumbar mass.
Post-neck (FFPEx1, FFx2, VFx4), lumbar(VFx2)",,,,,,,,,,10/4/21,,,1/11/22,,,,,,,,9/14/21,322.9,9/17/21,378.9,9/20/21,370.5,9/23/21,534.4,9/27/21,749.6,9/30/21,973.40,10/4/21,1018.4,,,,,,,,,,,,,,,,,,,,,,,,,,,,,,,,,,,,,,,,,,,,,,,,,,,,,,,,,,,,,,,,
mixing_experiment_SA919,,02/05/2021,7/1/2021,R,MFP,,NSG,X0847-2164-21122521,VBA0847,SA919,,"X4 (X0847-2164 Axim) + X7 (X0847-2112252 spinal met)
Clone A+C",,,,,,,,4342,HL210701(2),,,"PTR on Sep 20/21, minor bleeding, FFPEx1, OCTx1, STPTx1, FFx2, TPx2, VFx4","small post neck mass palpable on Dec13/21, Euth on Dec21/21.
posterior neck mass, small anterior neck mass, right lumbar mass attached to spine, small left axillary mass
postneck (FFPEx1, FFx2, VFx4), anterior neck (VFx2), axillary (VFx2), lumbar (FFPEx1, FFx2, VFx4)",,,,,,,,,,9/20/21,,,12/21/21,,,,,,,,8/27/21,138.3,8/31/21,228.2,9/3/21,367.9,9/7/21,572.9,9/10/21,618.7,9/14/21,646.80,9/17/21,983.4,2021-9-20,825.20,,,,,,,,,,,,,,,,,,,,,,,,,,,,,,,,,,,,,,,,,,,,,,,,,,,,,,,,,,,,,,
mixing_experiment_SA919,,02/05/2021,7/1/2021,L,MFP,,NSG,X0847-2164-21122522,VBA0847,SA919,,X4 (X0847-2164 Axim) + X7 (X0847-2112252 spinal met),,,,,,,,4343,HL210701(2),,,"PTR on Oct 12/21, FFPEx1, OCTx1, TPx2, FFx2, VFx4.","sick report d/t wt loss, ruffled, reduced activity, Euth on Dec11/21 by staff (on weekend)
cervical neck mass, anterior neck mass, small nodules at left retroperitoneal area near lumbar spine identified at necropsy, no sample taken for processing",,,,,,,,,,10/12/21,,,12/11/21,,,,,,,,9/10/21,210.3,9/14/21,290,9/17/21,378.5,9/20/21,378.5,9/23/21,378.5,9/27/21,371.90,9/30/21,413.3,2021-10-4,750.10,2021-10-8,807.3,10/12/2021,1127.4,,,,,,,,,,,,,,,,,,,,,,,,,,,,,,,,,,,,,,,,,,,,,,,,,,,,,,,,,,
mixing_experiment_SA919,,02/05/2021,7/1/2021,B,MFP,,NSG,X0847-2164-21122523,VBA0847,SA919,,X4 (X0847-2164 Axim) + X7 (X0847-2112252 spinal met),,,,,,,,4344,HL210701(2),,,"PTR on Oct 12/21, FFPEx1, OCTx1, TPx2, FFx2, VFx4.","sick report, Euth on Dec21/21. Small spinal mass at lumbar level, too small to collect.",,,,,,,,,,10/12/21,,,12/21/21,,,,,,,,9/14/21,177.4,9/17/21,231.1,9/20/21,250.6,9/23/21,298.6,9/27/21,370.7,9/30/21,671.90,10/4/21,723.6,2021-10-8,939.40,2021-10-12,1180.1,,,,,,,,,,,,,,,,,,,,,,,,,,,,,,,,,,,,,,,,,,,,,,,,,,,,,,,,,,,,
mixing_experiment_SA919,,02/05/2021,7/1/2021,N,MFP,,NSG,X0847-2164-21122524,VBA0847,SA919,,X4 (X0847-2164 Axim) + X7 (X0847-2112252 spinal met),,,,,,,,4345,HL210701(2),,,"PTR on Sep6/21, minor bleeding, FFPEx1, OCTx1, STPTx1, FFx2, TPx2, VFx4","sick report d/t ataxia lt hind legs, Euth on Dec 13/21
cervical neck mass (FFPEx1, VFx4), anterior neck mass (small, VFx2), abdominal mass (small, VFx2) near lumbar spine collected.",,,,,,,,,,9/6/21,,,12/13/21,,,,,,,,8/27/21,418.8,8/31/21,752.1,9/3/21,921.5,,,,,,,,,,,,,,,,,,,,,,,,,,,,,,,,,,,,,,,,,,,,,,,,,,,,,,,,,,,,,,,,,,,,,,,,
mixing_experiment_SA919,,17/05/2021,8/13/2021,R,MFP,,NSG,X0847-21122511,VBA0847,SA919,8,X7(X0847-2112251 prim),,,,,,,,4403,HL210813(1),,,"PTR on Jan 17/22, minor bleeding, FFPEx1, STPTx1, FFx2, TPx2, VFx4","sick report Feb16/22 (large mass?), euth Feb19/22, no evidence of metastasis",,,,,,,,,,1/17/22,,,2/19/22,,,,,,,,1/4/22,315.5,1/10/22,315.5,1/13/22,524.4,1/17/22,649.2,,,,,,,,,,,,,,,,,,,,,,,,,,,,,,,,,,,,,,,,,,,,,,,,,,,,,,,,,,,,,,,,,,,,,,
mixing_experiment_SA919,,17/05/2021,8/13/2021,L,MFP,,NSG,X0847-21122512,VBA0847,SA919,8,X7(X0847-2112251 prim),,,,,,,,4404,HL210813(1),,,"PTR on Oct 31/21, minor bleeding, FFPEx1, OCTx1, FFx2, TPx3, VFx4/ TPx1 used for mixing","Euth on Mar7/22, large posterior neck mass.
postneck (FFPEx1, FFx2, VFx4, OCTx1)",,,,,,,,,,10/31/21,,,3/7/22,,,,,,,,10/15/21,349.6,10/21/21,525.3,10/25/21,751.0,10/28/21,763.9,11/1/11,763.9,,,,,,,,,,,,,,,,,,,,,,,,,,,,,,,,,,,,,,,,,,,,,,,,,,,,,,,,,,,,,,,,,,,,
mixing_experiment_SA919,,17/05/2021,8/13/2021,B,MFP,,NSG,X0847-21122523,VBA0847,SA919,8,X7(X0847-2112252 spinal met),,,,,,,,4405,HL210813(1),,,"PTR on Oct 31/21, minor bleeding, FFPEx1, OCTx1, FFx2, TPx3, VFx4/ TPx1 used for mixing","sick report on Jan 18/22, euthanized. posterior neck mass identified.
postneck (FFPEx1, FFx2, VFx4)",,,,,,,,,,10/31/21,,,1/18/22,,,,,,,,10/15/21,262.0,10/21/21,575.9,10/25/21,839.0,10/28/21,994.1,11/1/11,994.1,,,,,,,,,,,,,,,,,,,,,,,,,,,,,,,,,,,,,,,,,,,,,,,,,,,,,,,,,,,,,,,,,,,,
mixing_experiment_SA919,,17/05/2021,8/13/2021,N,MFP,,NSG,X0847-21122524,VBA0847,SA919,8,X7(X0847-2112252 spinal met),,,,,,,,4406,HL210813(1),,,"PTR on Oct 31/21, minor bleeding, FFPEx1, OCTx1, FFx2, TPx2, VFx4","sick report on Feb16/22, euthanized by staff, huge neck mass",,,,,,,,,,10/31/21,,,2/16/22,,,,,,,,10/15/21,264.3,10/21/21,606.8,10/25/21,871.8,10/28/21,894.0,11/1/11,894.0,,,,,,,,,,,,,,,,,,,,,,,,,,,,,,,,,,,,,,,,,,,,,,,,,,,,,,,,,,,,,,,,,,,,
mixing_experiment_SA919,,17/05/2021,8/13/2021,R,MFP,,NSG,X0847-21122513,VBA0847,SA919,,"X7(X0847-2112251 prim) + X7(X0847-2112252 spinal met)
Clone B+C",,,,,,,,4407,HL210813(2),,,"PTR on Nov 7/21, minor bleeding, FFPEx1, OCTx1, FFx2, TPx2, VFx4","sick report Jan29/22, euth Jan31/22, small posterior neck mass
postneck (FFx1, VFx2)",,,,,,,,,,11/7/21,,,1/31/22,,,,,,,,10/25/21,482.4,10/28/21,611.6,11/1/21,611.6,11/4/21,1013.7,11/7/21,1506.8,,,,,,,,,,,,,,,,,,,,,,,,,,,,,,,,,,,,,,,,,,,,,,,,,,,,,,,,,,,,,,,,,,,,
mixing_experiment_SA919,,17/05/2021,8/13/2021,L,MFP,,NSG,X0847-21122514,VBA0847,SA919,,X7(X0847-2112251 prim) + X7(X0847-2112252 spinal met),,,,,,,,4408,HL210813(2),,,"PTR on Dec 5/21, minor bleeding, FFPEx1, OCTx1, FFx2, TPx2, VFx4","sick report on Feb17/22, euthanized by staff",,,,,,,,,,12/5/21,,,2/17/22,,,,,,,,11/18/21,160.8,11/22/21,377.8,11/25/21,377.8,11/29/21,638.4,12/2/21,911.1,12/5/21,1151.40,,,,,,,,,,,,,,,,,,,,,,,,,,,,,,,,,,,,,,,,,,,,,,,,,,,,,,,,,,,,,,,,,,
mixing_experiment_SA919,,17/05/2021,8/13/2021,B,MFP,,NSG,X0847-21122515,VBA0847,SA919,,X7(X0847-2112251 prim) + X7(X0847-2112252 spinal met),,,,,,,,4409,HL210813(2),,,"PTR on Dec 20/21, minor bleeding, FFPEx1, OCTx1, FFx2, VFx4","sick report/euthanize on Feb23/22, no evidence of metastasis",,,,,,,,,,12/20/21,,,2/23/22,,,,,,,,11/25/21,115.5,11/29/21,219.4,12/2/21,219.4,12/5/21,387.5,12/10/21,450.0,12/13/21,617.90,12/16/21,617.9,2021-12-20,834.00,,,,,,,,,,,,,,,,,,,,,,,,,,,,,,,,,,,,,,,,,,,,,,,,,,,,,,,,,,,,,,
mixing_experiment_SA919,,17/05/2021,8/13/2021,N,MFP,,NSG,X0847-21122516,VBA0847,SA919,,X7(X0847-2112251 prim) + X7(X0847-2112252 spinal met),,,,,,,,4410,HL210813(2),,,"PTR on Nov22/21, minor bleeding, FFPEx1, OCTx1, STPTx1, FFx2, TPx2, VFx4","sick report (wt loss) Jan24/22, euth Jan28/22, neck pass
Postneck (FFPEx2, FFx2, VFx4)",,,,,,,,,,11/22/21,,,1/28/22,,,,,,,,10/28/21,212.3,11/1/21,266.1,11/4/21,409.1,11/8/21,579.3,11/12/21,630.6,11/15/21,824.50,11/18/21,882.7,2021-11-22,882.70,,,,,,,,,,,,,,,,,,,,,,,,,,,,,,,,,,,,,,,,,,,,,,,,,,,,,,,,,,,,,,
mixing_experiment_SA919,,31/07/2021,9/25/2021,R,MFP,,NSG,X0847-21644-21122511,VBA0847,SA919,,X0847-21644 + X0847-21122521 Clone A+C,,,,,,,,4468,HL210925,,,"PTR on Dec 5/21, minor bleeding, FFPEx1, OCTx1, FFx2, TPx2, VFx4","sick report/euth Mar3/22, very small mass at right lumbar spine level and another small mass above left kidney area. Left abdominal mass collected (FFPEx1)",,,,,,,,,,12/5/21,,,3/3/22,,,,,,,,11/15/21,103.8,11/18/21,147.9,11/22/21,352.2,11/25/21,480.2,11/29/21,673.0,12/2/21,762.00,12/5/21,1167.3,,,,,,,,,,,,,,,,,,,,,,,,,,,,,,,,,,,,,,,,,,,,,,,,,,,,,,,,,,,,,,,,
mixing_experiment_SA919,,31/07/2021,9/25/2021,L,MFP,,NSG,X0847-21644-21122512,VBA0847,SA919,,X0847-21644 + X0847-21122521,,,,,,,,4469,HL210925,,,"PTR on Dec 5/21, minor bleeding, FFPEx1, OCTx1, FFx2, TPx2, VFx4","sick report/euth Feb19/22, no evidence of metastasis",,,,,,,,,,12/5/21,,,2/19/22,,,,,,,,11/15/21,147.9,11/18/21,225.2,11/22/21,326.0,11/25/21,508.0,11/29/21,508.0,12/2/21,823.30,12/5/21,949.4,,,,,,,,,,,,,,,,,,,,,,,,,,,,,,,,,,,,,,,,,,,,,,,,,,,,,,,,,,,,,,,,
mixing_experiment_SA919,,31/07/2021,9/25/2021,B,MFP,,NSG,X0847-21644-21122513,VBA0847,SA919,,X0847-21644 + X0847-21122521,,,,,,,,4470,HL210925,,,"PTR on Nov23/21, minor bleeding, FFPEx1, OCTx1, FFx2, TPx2, VFx4","sick report/euth Feb19/22, posterior neck mass (FFPEx1, FFx2, VFx4)",,,,,,,,,,11/23/21,,,2/19/22,,,,,,,,11/12/21,253.1,11/15/21,351.1,11/18/21,541.5,11/22/21,995.9,,,,,,,,,,,,,,,,,,,,,,,,,,,,,,,,,,,,,,,,,,,,,,,,,,,,,,,,,,,,,,,,,,,,,,
mixing_experiment_SA919,,31/07/2021,9/25/2021,N,MFP,,NSG,X0847-21644-21122514,VBA0847,SA919,,X0847-21644 + X0847-21122521,,,,,,,,4471,HL210925,,,"PTR on Dec 5/21, minor bleeding, FFPEx1, OCTx1, STPTx1, FFx2, TPx2, VFx4","sick report on Feb16/22, euthanized by staff, hydrocephalus, pale liver",,,,,,,,,,12/5/21,,,2/16/22,,,,,,,,11/12/21,139.9,11/15/21,215.7,11/18/21,305.1,11/22/21,599.4,11/25/21,638.4,11/29/21,689.60,12/2/21,1053.0,2021-12-5,1419.14,,,,,,,,,,,,,,,,,,,,,,,,,,,,,,,,,,,,,,,,,,,,,,,,,,,,,,,,,,,,,,
mixing_experiment_SA919,,31/07/2021,10/13/2021,L,MFP,,NSG,X0847-21641-211225312,VBA0847,SA919,,X0847-21641 + X0847-21122531,,,,,,,,4491,HL211013,,,"PTR on Jan 5/22, minor bleeding, FFPEx1, OCTx1, FFx2, TPx2, VFx4",,,,,,,,,,,1/5/22,,,,,,,,,,,12/13/21,256.3,12/16/21,330.2,12/20/21,431.8,1/1/22,843.3,1/4/22,1149.0,,,,,,,,,,,,,,,,,,,,,,,,,,,,,,,,,,,,,,,,,,,,,,,,,,,,,,,,,,,,,,,,,,,,
mixing_experiment_SA919,,31/07/2021,10/13/2021,B,MFP,,NSG,X0847-21641-211225313,VBA0847,SA919,,X0847-21641 + X0847-21122531,,,,,,,,4492,HL211013,,,"PTR on Jan 5/22, minor bleeding, FFPEx1, OCTx1, FFx2, TPx2, VFx4",,,,,,,,,,,1/5/22,,,,,,,,,,,12/13/21,228.3,12/16/21,266.2,12/20/21,402.0,1/1/22,959.6,1/4/22,1156.5,,,,,,,,,,,,,,,,,,,,,,,,,,,,,,,,,,,,,,,,,,,,,,,,,,,,,,,,,,,,,,,,,,,,
mixing_experiment_SA919,,,10/31/2021,R,MFP,,NSG,X0847-21122512211225231,VBA0847,SA919,,X0847-21122512 + X0847-21122523 Clone B+C,,,,,,,,4520,HL211031,,,"PTR on Jan24/22, FFPEx1, OCTx1, FFx2, TPx2, VFx4",,,,,,,,,,,1/24/22,,,,,,,,,,,1/4/22,168.3,1/10/22,338.4,1/13/22,375.7,1/17/22,595.1,1/20/22,831.2,1/24/22,905.60,,,,,,,,,,,,,,,,,,,,,,,,,,,,,,,,,,,,,,,,,,,,,,,,,,,,,,,,,,,,,,,,,,
mixing_experiment_SA919,,,10/31/2021,L,MFP,,NSG,X0847-21122512211225232,VBA0847,SA919,,X0847-21122512 + X0847-21122523,,,,,,,,4521,HL211031,,,"PTR on Feb14/22, FFx1, TPx2, VFx2",,,,,,,,,,,2/14/22,,,,,,,,,,,1/13/22,149.1,1/17/22,213.4,1/20/22,268.9,1/24/22,362.1,1/31/22,628.9,2/7/22,715.70,,,,,,,,,,,,,,,,,,,,,,,,,,,,,,,,,,,,,,,,,,,,,,,,,,,,,,,,,,,,,,,,,,
mixing_experiment_SA919,,,10/31/2021,B,MFP,,NSG,X0847-21122512211225233,VBA0847,SA919,,X0847-21122512 + X0847-21122523,,,,,,,,4522,HL211031,,,"PTR on Jan24/22, FFPEx1, OCTx1, FFx2, TPx2, VFx4",,,,,,,,,,,1/24/22,,,,,,,,,,,1/10/22,198.7,1/13/22,265.7,1/17/22,378.9,1/20/22,762.4,1/24/22,896.9,,,,,,,,,,,,,,,,,,,,,,,,,,,,,,,,,,,,,,,,,,,,,,,,,,,,,,,,,,,,,,,,,,,,
mixing_experiment_SA919,,,10/31/2021,N,MFP,,NSG,X0847-21122512211225234,VBA0847,SA919,,X0847-21122512 + X0847-21122523,,,,,,,,4523,HL211031,,,"PTR on Jan24/22, FFPEx1, FFx2, TPx2, VFx4",,,,,,,,,,,1/24/22,,,,,,,,,,,1/10/22,147.0,1/13/22,180.2,1/17/22,290.2,1/20/22,469.3,1/24/22,786.5,,,,,,,,,,,,,,,,,,,,,,,,,,,,,,,,,,,,,,,,,,,,,,,,,,,,,,,,,,,,,,,,,,,,